,distribution,N.d,support.d,sd.d,se.d,ci.d,poor.d,rich.d,distribution.r,party.r,N.r,support.r,sd.r,se.r,ci.r,poor,rich,dminr_dif
1,p.nc_05r.d_b,46,0.369565217,0.488020749,0.071954734,0.144924273,0,-5,p.nc_05r.d_b,Rep,53,0.301886792,0.463469593,0.063662445,0.127748041,0,-5,0.067678425
3,p.nc_05r.u_b,49,0.142857143,0.353553391,0.050507627,0.101552391,0,5,p.nc_05r.u_b,Rep,50,0.38,0.490314351,0.069340921,0.139345797,0,5,-0.237142857
5,p.nc_10r.d_b,52,0.346153846,0.480384461,0.066617339,0.133739888,0,-10,p.nc_10r.d_b,Rep,47,0.382978723,0.491368607,0.071673478,0.144271228,0,-10,-0.036824877
7,p.nc_10r.u_b,54,0.166666667,0.376177397,0.05119126,0.102676664,0,10,p.nc_10r.u_b,Rep,47,0.425531915,0.499768679,0.072898754,0.146737581,0,10,-0.258865248
9,p.nc_15r.d_b,52,0.480769231,0.504504595,0.0699622,0.140454976,0,-15,p.nc_15r.d_b,Rep,47,0.361702128,0.485687854,0.070844855,0.142603296,0,-15,0.119067103
11,p.nc_15r.u_b,46,0.217391304,0.417028828,0.061487546,0.123842275,0,15,p.nc_15r.u_b,Rep,54,0.481481481,0.504348664,0.06863316,0.137660686,0,15,-0.264090177
13,p.nc_20r.d_b,58,0.362068966,0.484796064,0.063656842,0.127470627,0,-20,p.nc_20r.d_b,Rep,43,0.279069767,0.453850269,0.069211517,0.139674496,0,-20,0.082999198
15,p.nc_20r.u_b,55,0.236363636,0.428763786,0.057814497,0.115911088,0,20,p.nc_20r.u_b,Rep,45,0.266666667,0.447213595,0.066666667,0.134357838,0,20,-0.03030303
17,p.nc_25r.d_b,51,0.392156863,0.4930895,0.069046341,0.138683657,0,-25,p.nc_25r.d_b,Rep,48,0.291666667,0.459339643,0.066299967,0.133378329,0,-25,0.100490196
19,p.nc_25r.u_b,43,0.186046512,0.393749615,0.060046253,0.121178245,0,25,p.nc_25r.u_b,Rep,52,0.480769231,0.504504595,0.0699622,0.140454976,0,25,-0.294722719
21,p.nc_30r.d_b,56,0.410714286,0.496415724,0.066336342,0.132940999,0,-30,p.nc_30r.d_b,Rep,42,0.214285714,0.415299732,0.06408214,0.129416507,0,-30,0.196428571
23,p.nc_30r.u_b,52,0.173076923,0.382004714,0.052974523,0.106350792,0,30,p.nc_30r.u_b,Rep,46,0.47826087,0.505046992,0.074465116,0.149980443,0,30,-0.305183946
25,p.nc_35r.d_b,43,0.395348837,0.494711791,0.075442841,0.152249817,0,-35,p.nc_35r.d_b,Rep,56,0.285714286,0.455842306,0.06091449,0.122075367,0,-35,0.109634551
27,p.nc_35r.u_b,53,0.264150943,0.445099099,0.061139063,0.122684506,0,35,p.nc_35r.u_b,Rep,49,0.285714286,0.456435465,0.065205066,0.131103573,0,35,-0.021563342
29,p.nc_40r.d_b,48,0.541666667,0.503533613,0.072678817,0.14621092,0,-40,p.nc_40r.d_b,Rep,51,0.294117647,0.460178993,0.064437948,0.129427428,0,-40,0.24754902
31,p.nc_40r.u_b,41,0.12195122,0.331294578,0.051739521,0.104569472,0,40,p.nc_40r.u_b,Rep,53,0.264150943,0.445099099,0.061139063,0.122684506,0,40,-0.142199724
33,p.nc_45r.d_b,46,0.434782609,0.501206274,0.073898834,0.148839891,0,-45,p.nc_45r.d_b,Rep,56,0.232142857,0.426020547,0.05692939,0.114089048,0,-45,0.202639752
35,p.nc_45r.u_b,49,0.244897959,0.434483038,0.062069005,0.1247981,0,45,p.nc_45r.u_b,Rep,48,0.479166667,0.504852341,0.072869159,0.146593839,0,45,-0.234268707
37,p.nc_50r.d_b,55,0.490909091,0.504524979,0.068030134,0.136392207,0,-50,p.nc_50r.d_b,Rep,40,0.3,0.464095481,0.073379939,0.148424935,0,-50,0.190909091
39,p.nc_50r.u_b,44,0.068181818,0.254971706,0.038438431,0.077518484,0,50,p.nc_50r.u_b,Rep,55,0.381818182,0.490310147,0.066113407,0.1325494,0,50,-0.313636364
41,X05p.d_05r.d_b,43,0.093023256,0.293902599,0.044819726,0.090449869,-5,-5,X05p.d_05r.d_b,Rep,57,0.140350877,0.350438322,0.04641669,0.092983803,-5,-5,-0.047327621
43,X05p.d_05r.u_b,46,0.065217391,0.249637418,0.036807029,0.074133162,-5,5,X05p.d_05r.u_b,Rep,48,0.145833333,0.356673958,0.051481451,0.103567321,-5,5,-0.080615942
45,X05p.d_10r.d_b,49,0.102040816,0.305838871,0.043691267,0.087847181,-5,-10,X05p.d_10r.d_b,Rep,50,0.06,0.239897937,0.033926692,0.068178239,-5,-10,0.042040816
47,X05p.d_10r.u_b,51,0.117647059,0.325395687,0.04556451,0.091519012,-5,10,X05p.d_10r.u_b,Rep,44,0.25,0.438018795,0.066033818,0.133169886,-5,10,-0.132352941
49,X05p.d_15r.d_b,52,0.057692308,0.235435478,0.032649026,0.065545656,-5,-15,X05p.d_15r.d_b,Rep,44,0.136363636,0.347141757,0.052333589,0.105540741,-5,-15,-0.078671329
51,X05p.d_15r.u_b,57,0.105263158,0.309620189,0.041010196,0.082153294,-5,15,X05p.d_15r.u_b,Rep,43,0.255813953,0.441481448,0.06732529,0.135867935,-5,15,-0.150550796
53,X05p.d_20r.d_b,43,0.162790698,0.373543684,0.056964878,0.114959777,-5,-20,X05p.d_20r.d_b,Rep,51,0.196078431,0.400979194,0.056148318,0.112777216,-5,-20,-0.033287734
55,X05p.d_20r.u_b,52,0.115384615,0.322602539,0.044736923,0.08981312,-5,20,X05p.d_20r.u_b,Rep,46,0.217391304,0.417028828,0.061487546,0.123842275,-5,20,-0.102006689
57,X05p.d_25r.d_b,52,0.134615385,0.34464225,0.047793281,0.095949015,-5,-25,X05p.d_25r.d_b,Rep,45,0.155555556,0.3665289,0.054638902,0.110117472,-5,-25,-0.020940171
59,X05p.d_25r.u_b,56,0.071428571,0.259870097,0.034726602,0.069593667,-5,25,X05p.d_25r.u_b,Rep,42,0.214285714,0.415299732,0.06408214,0.129416507,-5,25,-0.142857143
61,X05p.d_30r.d_b,49,0.163265306,0.373437789,0.053348256,0.107263857,-5,-30,X05p.d_30r.d_b,Rep,48,0.208333333,0.410414079,0.05923817,0.119171826,-5,-30,-0.045068027
63,X05p.d_30r.u_b,48,0.0625,0.244623027,0.035308293,0.071031123,-5,30,X05p.d_30r.u_b,Rep,54,0.148148148,0.358582503,0.048796898,0.097874183,-5,30,-0.085648148
65,X05p.d_35r.d_b,43,0.209302326,0.411625091,0.062772238,0.126679505,-5,-35,X05p.d_35r.d_b,Rep,55,0.2,0.403686714,0.054433105,0.109131806,-5,-35,0.009302326
67,X05p.d_35r.u_b,43,0.069767442,0.257769631,0.0393095,0.079329783,-5,35,X05p.d_35r.u_b,Rep,57,0.228070175,0.423317842,0.056069818,0.112321342,-5,35,-0.158302734
69,X05p.d_40r.d_b,44,0.181818182,0.390153653,0.058817876,0.118617552,-5,-40,X05p.d_40r.d_b,Rep,52,0.134615385,0.34464225,0.047793281,0.095949015,-5,-40,0.047202797
71,X05p.d_40r.u_b,44,0.068181818,0.254971706,0.038438431,0.077518484,-5,40,X05p.d_40r.u_b,Rep,54,0.148148148,0.358582503,0.048796898,0.097874183,-5,40,-0.07996633
73,X05p.d_45r.d_b,55,0.2,0.403686714,0.054433105,0.109131806,-5,-45,X05p.d_45r.d_b,Rep,44,0.204545455,0.408032457,0.061513207,0.124053206,-5,-45,-0.004545455
75,X05p.d_45r.u_b,56,0.125,0.333711906,0.044594129,0.089368632,-5,45,X05p.d_45r.u_b,Rep,48,0.3125,0.468417435,0.067610233,0.136014245,-5,45,-0.1875
77,X05p.d_50r.d_b,45,0.244444444,0.434613494,0.064788354,0.130572349,-5,-50,X05p.d_50r.d_b,Rep,52,0.153846154,0.364321307,0.050522275,0.1014277,-5,-50,0.090598291
79,X05p.d_50r.u_b,53,0.075471698,0.266678761,0.036631145,0.07350577,-5,50,X05p.d_50r.u_b,Rep,47,0.212765957,0.413688089,0.06034261,0.121463373,-5,50,-0.137294259
81,X05p.d_r.nc_b,48,0.104166667,0.308709278,0.044558346,0.08963983,-5,0,X05p.d_r.nc_b,Rep,47,0.127659574,0.337318149,0.049202909,0.099040319,-5,0,-0.023492908
83,X05p.u_05r.d_b,56,0.875,0.333711906,0.044594129,0.089368632,5,-5,X05p.u_05r.d_b,Rep,47,0.617021277,0.491368607,0.071673478,0.144271228,5,-5,0.257978723
85,X05p.u_05r.u_b,48,0.875,0.334218682,0.048240312,0.097046989,5,5,X05p.u_05r.u_b,Rep,49,0.857142857,0.353553391,0.050507627,0.101552391,5,5,0.017857143
87,X05p.u_10r.d_b,44,0.840909091,0.369989429,0.055778005,0.112487068,5,-10,X05p.u_10r.d_b,Rep,53,0.679245283,0.471233443,0.064728891,0.129888023,5,-10,0.161663808
89,X05p.u_10r.u_b,45,0.666666667,0.476731295,0.071066905,0.143225937,5,10,X05p.u_10r.u_b,Rep,54,0.62962963,0.48743829,0.06633195,0.133045042,5,10,0.037037037
91,X05p.u_15r.d_b,45,0.666666667,0.476731295,0.071066905,0.143225937,5,-15,X05p.u_15r.d_b,Rep,52,0.711538462,0.457466958,0.063439253,0.127359615,5,-15,-0.044871795
93,X05p.u_15r.u_b,56,0.625,0.48850421,0.065279121,0.130822282,5,15,X05p.u_15r.u_b,Rep,45,0.733333333,0.447213595,0.066666667,0.134357838,5,15,-0.108333333
95,X05p.u_20r.d_b,46,0.760869565,0.431265971,0.063586698,0.128070185,5,-20,X05p.u_20r.d_b,Rep,52,0.461538462,0.503382226,0.069806555,0.140142507,5,-20,0.299331104
97,X05p.u_20r.u_b,46,0.5,0.50552503,0.074535599,0.150122403,5,20,X05p.u_20r.u_b,Rep,53,0.679245283,0.471233443,0.064728891,0.129888023,5,20,-0.179245283
99,X05p.u_25r.d_b,48,0.791666667,0.410414079,0.05923817,0.119171826,5,-25,X05p.u_25r.d_b,Rep,47,0.319148936,0.471186429,0.068729605,0.138345518,5,-25,0.47251773
101,X05p.u_25r.u_b,51,0.470588235,0.50410083,0.070588235,0.141780643,5,25,X05p.u_25r.u_b,Rep,50,0.68,0.471212071,0.06663945,0.133916989,5,25,-0.209411765
103,X05p.u_30r.d_b,49,0.734693878,0.446071286,0.063724469,0.128126633,5,-30,X05p.u_30r.d_b,Rep,51,0.352941176,0.4826398,0.06758309,0.135744631,5,-30,0.381752701
105,X05p.u_30r.u_b,48,0.416666667,0.498223795,0.071912411,0.14466911,5,30,X05p.u_30r.u_b,Rep,52,0.519230769,0.504504595,0.0699622,0.140454976,5,30,-0.102564103
107,X05p.u_35r.d_b,47,0.638297872,0.485687854,0.070844855,0.142603296,5,-35,X05p.u_35r.d_b,Rep,54,0.481481481,0.504348664,0.06863316,0.137660686,5,-35,0.156816391
109,X05p.u_35r.u_b,54,0.425925926,0.499125721,0.067922407,0.136235097,5,35,X05p.u_35r.u_b,Rep,49,0.530612245,0.504233776,0.072033397,0.144832851,5,35,-0.104686319
111,X05p.u_40r.d_b,49,0.653061224,0.480928807,0.068704115,0.138138882,5,-40,X05p.u_40r.d_b,Rep,52,0.326923077,0.473665467,0.065685582,0.131869308,5,-40,0.326138148
113,X05p.u_40r.u_b,54,0.462962963,0.503308412,0.0684916,0.137376751,5,40,X05p.u_40r.u_b,Rep,44,0.522727273,0.505257768,0.076170475,0.153612402,5,40,-0.05976431
115,X05p.u_45r.d_b,53,0.566037736,0.500362713,0.068730104,0.137917045,5,-45,X05p.u_45r.d_b,Rep,46,0.391304348,0.493435164,0.072753046,0.146532156,5,-45,0.174733388
117,X05p.u_45r.u_b,48,0.4375,0.501328024,0.072360467,0.145570484,5,45,X05p.u_45r.u_b,Rep,52,0.480769231,0.504504595,0.0699622,0.140454976,5,45,-0.043269231
119,X05p.u_50r.d_b,45,0.488888889,0.50552503,0.075359222,0.151876533,5,-50,X05p.u_50r.d_b,Rep,56,0.392857143,0.49280538,0.065853889,0.131974143,5,-50,0.096031746
121,X05p.u_50r.u_b,43,0.302325581,0.464700811,0.070866209,0.1430138,5,50,X05p.u_50r.u_b,Rep,53,0.509433962,0.504694939,0.069325181,0.139111154,5,50,-0.207108381
123,X05p.u_r.nc_b,48,0.9375,0.244623027,0.035308293,0.071031123,5,0,X05p.u_r.nc_b,Rep,46,0.956521739,0.206184571,0.030400256,0.06122926,5,0,-0.019021739
125,X10p.d_05r.d_b,42,0.047619048,0.215540269,0.033258586,0.067167076,-10,-5,X10p.d_05r.d_b,Rep,54,0.092592593,0.29258242,0.039815424,0.079859628,-10,-5,-0.044973545
127,X10p.d_05r.u_b,60,0.166666667,0.375823014,0.048518542,0.097085379,-10,5,X10p.d_05r.u_b,Rep,41,0.195121951,0.401217659,0.062659671,0.126639919,-10,5,-0.028455285
129,X10p.d_10r.d_b,51,0.098039216,0.30032662,0.042054138,0.084468223,-10,-10,X10p.d_10r.d_b,Rep,56,0.160714286,0.370590964,0.049522301,0.099244908,-10,-10,-0.06267507
131,X10p.d_10r.u_b,42,0.071428571,0.26066118,0.040220893,0.081227742,-10,10,X10p.d_10r.u_b,Rep,58,0.206896552,0.408618584,0.053654249,0.10744078,-10,10,-0.13546798
133,X10p.d_15r.d_b,49,0.12244898,0.331200661,0.04731438,0.095131937,-10,-15,X10p.d_15r.d_b,Rep,49,0.244897959,0.434483038,0.062069005,0.1247981,-10,-15,-0.12244898
135,X10p.d_15r.u_b,48,0.104166667,0.308709278,0.044558346,0.08963983,-10,15,X10p.d_15r.u_b,Rep,54,0.222222222,0.419643455,0.057106241,0.114540614,-10,15,-0.118055556
137,X10p.d_20r.d_b,42,0.142857143,0.354168802,0.054649433,0.110366768,-10,-20,X10p.d_20r.d_b,Rep,55,0.109090909,0.314626602,0.042424242,0.085055485,-10,-20,0.033766234
139,X10p.d_20r.u_b,53,0.132075472,0.341812806,0.0469516,0.094215278,-10,20,X10p.d_20r.u_b,Rep,46,0.130434783,0.340502612,0.050204371,0.101116794,-10,20,0.001640689
141,X10p.d_25r.d_b,44,0.113636364,0.321038221,0.048398333,0.09760454,-10,-25,X10p.d_25r.d_b,Rep,57,0.140350877,0.350438322,0.04641669,0.092983803,-10,-25,-0.026714514
143,X10p.d_25r.u_b,54,0.111111111,0.317220634,0.043168261,0.086584566,-10,25,X10p.d_25r.u_b,Rep,48,0.25,0.437594974,0.063161394,0.127064335,-10,25,-0.138888889
145,X10p.d_30r.d_b,47,0.085106383,0.282056673,0.041142194,0.082814942,-10,-30,X10p.d_30r.d_b,Rep,49,0.163265306,0.373437789,0.053348256,0.107263857,-10,-30,-0.078158923
147,X10p.d_30r.u_b,42,0.119047619,0.327770068,0.050576019,0.102140343,-10,30,X10p.d_30r.u_b,Rep,55,0.254545455,0.439620283,0.059278387,0.11884601,-10,30,-0.135497835
149,X10p.d_35r.d_b,54,0.148148148,0.358582503,0.048796898,0.097874183,-10,-35,X10p.d_35r.d_b,Rep,49,0.163265306,0.373437789,0.053348256,0.107263857,-10,-35,-0.015117158
151,X10p.d_35r.u_b,47,0.042553191,0.204029709,0.029760792,0.059905367,-10,35,X10p.d_35r.u_b,Rep,55,0.327272727,0.473542421,0.063852447,0.128016448,-10,35,-0.284719536
153,X10p.d_40r.d_b,55,0.127272727,0.336349986,0.045353423,0.090928138,-10,-40,X10p.d_40r.d_b,Rep,46,0.065217391,0.249637418,0.036807029,0.074133162,-10,-40,0.062055336
155,X10p.d_40r.u_b,49,0.12244898,0.331200661,0.04731438,0.095131937,-10,40,X10p.d_40r.u_b,Rep,48,0.166666667,0.376621789,0.054360673,0.109359568,-10,40,-0.044217687
157,X10p.d_45r.d_b,44,0.159090909,0.369989429,0.055778005,0.112487068,-10,-45,X10p.d_45r.d_b,Rep,55,0.145454545,0.355807991,0.04797714,0.096188374,-10,-45,0.013636364
159,X10p.d_45r.u_b,45,0.155555556,0.3665289,0.054638902,0.110117472,-10,45,X10p.d_45r.u_b,Rep,52,0.230769231,0.42543563,0.058997307,0.118442036,-10,45,-0.075213675
161,X10p.d_50r.d_b,48,0.1875,0.39444278,0.056932911,0.114534244,-10,-50,X10p.d_50r.d_b,Rep,50,0.3,0.46291005,0.065465367,0.131557581,-10,-50,-0.1125
163,X10p.d_50r.u_b,54,0.148148148,0.358582503,0.048796898,0.097874183,-10,50,X10p.d_50r.u_b,Rep,44,0.090909091,0.290803363,0.043840257,0.088412303,-10,50,0.057239057
165,X10p.d_r.nc_b,52,0.038461538,0.194183909,0.026928463,0.054061146,-10,0,X10p.d_r.nc_b,Rep,44,0.204545455,0.408032457,0.061513207,0.124053206,-10,0,-0.166083916
167,X10p.u_05r.d_b,52,0.961538462,0.194183909,0.026928463,0.054061146,10,-5,X10p.u_05r.d_b,Rep,48,0.729166667,0.44909286,0.064820971,0.130402973,10,-5,0.232371795
169,X10p.u_05r.u_b,36,0.777777778,0.421637021,0.070272837,0.142661443,10,5,X10p.u_05r.u_b,Rep,62,0.774193548,0.421525521,0.053533795,0.107047439,10,5,0.003584229
171,X10p.u_10r.d_b,44,0.863636364,0.347141757,0.052333589,0.105540741,10,-10,X10p.u_10r.d_b,Rep,54,0.722222222,0.452108964,0.061524237,0.123401993,10,-10,0.141414141
173,X10p.u_10r.u_b,45,0.8,0.404519917,0.060302269,0.121531237,10,10,X10p.u_10r.u_b,Rep,51,0.843137255,0.367290023,0.05143089,0.103301984,10,10,-0.043137255
175,X10p.u_15r.d_b,56,0.892857143,0.312093892,0.041705301,0.08357929,10,-15,X10p.u_15r.d_b,Rep,45,0.666666667,0.476731295,0.071066905,0.143225937,10,-15,0.226190476
177,X10p.u_15r.u_b,53,0.698113208,0.463469593,0.063662445,0.127748041,10,15,X10p.u_15r.u_b,Rep,48,0.791666667,0.410414079,0.05923817,0.119171826,10,15,-0.093553459
179,X10p.u_20r.d_b,50,0.84,0.37032804,0.052372294,0.105246064,10,-20,X10p.u_20r.d_b,Rep,49,0.612244898,0.492287455,0.070326779,0.141401467,10,-20,0.227755102
181,X10p.u_20r.u_b,49,0.530612245,0.504233776,0.072033397,0.144832851,10,20,X10p.u_20r.u_b,Rep,49,0.836734694,0.373437789,0.053348256,0.107263857,10,20,-0.306122449
183,X10p.u_25r.d_b,39,0.820512821,0.388776412,0.062254049,0.126026734,10,-25,X10p.u_25r.d_b,Rep,59,0.559322034,0.500730034,0.065189498,0.130490958,10,-25,0.261190787
185,X10p.u_25r.u_b,54,0.574074074,0.499125721,0.067922407,0.136235097,10,25,X10p.u_25r.u_b,Rep,43,0.674418605,0.474137324,0.072305264,0.14591793,10,25,-0.100344531
187,X10p.u_30r.d_b,50,0.72,0.453557368,0.064142698,0.128899578,10,-30,X10p.u_30r.d_b,Rep,51,0.411764706,0.497050122,0.069600939,0.139797599,10,-30,0.308235294
189,X10p.u_30r.u_b,48,0.583333333,0.498223795,0.071912411,0.14466911,10,30,X10p.u_30r.u_b,Rep,50,0.72,0.453557368,0.064142698,0.128899578,10,30,-0.136666667
191,X10p.u_35r.d_b,44,0.772727273,0.423915106,0.063907607,0.128881972,10,-35,X10p.u_35r.d_b,Rep,57,0.49122807,0.504366895,0.066805027,0.133826551,10,-35,0.281499203
193,X10p.u_35r.u_b,49,0.591836735,0.496586991,0.070940999,0.142636438,10,35,X10p.u_35r.u_b,Rep,49,0.591836735,0.496586991,0.070940999,0.142636438,10,35,0
195,X10p.u_40r.d_b,46,0.739130435,0.44396109,0.065458492,0.13184017,10,-40,X10p.u_40r.d_b,Rep,55,0.4,0.494413232,0.066666667,0.133658619,10,-40,0.339130435
197,X10p.u_40r.u_b,49,0.510204082,0.505076272,0.072153753,0.145074844,10,40,X10p.u_40r.u_b,Rep,51,0.68627451,0.468623349,0.065620394,0.131802441,10,40,-0.176070428
199,X10p.u_45r.d_b,50,0.84,0.37032804,0.052372294,0.105246064,10,-45,X10p.u_45r.d_b,Rep,49,0.551020408,0.502544546,0.071792078,0.144347647,10,-45,0.288979592
201,X10p.u_45r.u_b,53,0.509433962,0.504694939,0.069325181,0.139111154,10,45,X10p.u_45r.u_b,Rep,48,0.583333333,0.498223795,0.071912411,0.14466911,10,45,-0.073899371
203,X10p.u_50r.d_b,54,0.592592593,0.495965554,0.067492363,0.135372537,10,-50,X10p.u_50r.d_b,Rep,46,0.347826087,0.481543412,0.070999703,0.143000742,10,-50,0.244766506
205,X10p.u_50r.u_b,44,0.409090909,0.497350273,0.074978375,0.151208303,10,50,X10p.u_50r.u_b,Rep,50,0.52,0.50467205,0.071371406,0.14342621,10,50,-0.110909091
207,X10p.u_r.nc_b,43,0.953488372,0.213082632,0.032494797,0.065577155,10,0,X10p.u_r.nc_b,Rep,51,0.941176471,0.23763541,0.033275613,0.066836036,10,0,0.012311902
209,X15p.d_05r.d_b,50,0.06,0.239897937,0.033926692,0.068178239,-15,-5,X15p.d_05r.d_b,Rep,46,0.130434783,0.340502612,0.050204371,0.101116794,-15,-5,-0.070434783
211,X15p.d_05r.u_b,43,0.11627907,0.324353006,0.04946337,0.099821121,-15,5,X15p.d_05r.u_b,Rep,60,0.216666667,0.415450202,0.05363439,0.107322167,-15,5,-0.100387597
213,X15p.d_10r.d_b,56,0.089285714,0.287736351,0.038450387,0.077056298,-15,-10,X15p.d_10r.d_b,Rep,50,0.2,0.404061018,0.057142857,0.114832871,-15,-10,-0.110714286
215,X15p.d_10r.u_b,52,0.038461538,0.194183909,0.026928463,0.054061146,-15,10,X15p.d_10r.u_b,Rep,51,0.196078431,0.400979194,0.056148318,0.112777216,-15,10,-0.157616893
217,X15p.d_15r.d_b,53,0.113207547,0.319878424,0.043938681,0.088169413,-15,-15,X15p.d_15r.d_b,Rep,49,0.12244898,0.331200661,0.04731438,0.095131937,-15,-15,-0.009241432
219,X15p.d_15r.u_b,54,0.111111111,0.317220634,0.043168261,0.086584566,-15,15,X15p.d_15r.u_b,Rep,47,0.255319149,0.440754546,0.064290658,0.129410383,-15,15,-0.144208038
221,X15p.d_20r.d_b,47,0.063829787,0.247092248,0.036042109,0.072549002,-15,-20,X15p.d_20r.d_b,Rep,56,0.053571429,0.227207783,0.030361917,0.060846642,-15,-20,0.010258359
223,X15p.d_20r.u_b,52,0.076923077,0.269069118,0.037313173,0.074909321,-15,20,X15p.d_20r.u_b,Rep,43,0.23255814,0.427462574,0.065187431,0.131553563,-15,20,-0.155635063
225,X15p.d_25r.d_b,44,0.022727273,0.150755672,0.022727273,0.045833914,-15,-25,X15p.d_25r.d_b,Rep,59,0.101694915,0.304841126,0.039686934,0.07944203,-15,-25,-0.078967643
227,X15p.d_25r.u_b,48,0.020833333,0.144337567,0.020833333,0.041911261,-15,25,X15p.d_25r.u_b,Rep,53,0.132075472,0.341812806,0.0469516,0.094215278,-15,25,-0.111242138
229,X15p.d_30r.d_b,49,0.244897959,0.434483038,0.062069005,0.1247981,-15,-30,X15p.d_30r.d_b,Rep,46,0.173913043,0.383223047,0.056503156,0.113803197,-15,-30,0.070984916
231,X15p.d_30r.u_b,49,0.06122449,0.242226071,0.034603724,0.069575451,-15,30,X15p.d_30r.u_b,Rep,54,0.203703704,0.406532954,0.055322128,0.110962136,-15,30,-0.142479214
233,X15p.d_35r.d_b,56,0.053571429,0.227207783,0.030361917,0.060846642,-15,-35,X15p.d_35r.d_b,Rep,45,0.177777778,0.386645767,0.057637748,0.116161248,-15,-35,-0.124206349
235,X15p.d_35r.u_b,45,0.088888889,0.287799032,0.042902547,0.086464401,-15,35,X15p.d_35r.u_b,Rep,51,0.156862745,0.367290023,0.05143089,0.103301984,-15,35,-0.067973856
237,X15p.d_40r.d_b,50,0.14,0.350509833,0.049569576,0.099613792,-15,-40,X15p.d_40r.d_b,Rep,48,0.145833333,0.356673958,0.051481451,0.103567321,-15,-40,-0.005833333
239,X15p.d_40r.u_b,51,0.078431373,0.271524382,0.038021018,0.076367463,-15,40,X15p.d_40r.u_b,Rep,53,0.20754717,0.409431621,0.056239758,0.112853332,-15,40,-0.129115797
241,X15p.d_45r.d_b,46,0.239130435,0.431265971,0.063586698,0.128070185,-15,-45,X15p.d_45r.d_b,Rep,53,0.226415094,0.422515791,0.058037007,0.116459775,-15,-45,0.01271534
243,X15p.d_45r.u_b,50,0.14,0.350509833,0.049569576,0.099613792,-15,45,X15p.d_45r.u_b,Rep,48,0.229166667,0.424744395,0.061306573,0.123332916,-15,45,-0.089166667
245,X15p.d_50r.d_b,49,0.224489796,0.421569791,0.060224256,0.121088982,-15,-50,X15p.d_50r.d_b,Rep,51,0.137254902,0.347540377,0.048665387,0.097747306,-15,-50,0.087234894
247,X15p.d_50r.u_b,49,0.06122449,0.242226071,0.034603724,0.069575451,-15,50,X15p.d_50r.u_b,Rep,54,0.222222222,0.419643455,0.057106241,0.114540614,-15,50,-0.160997732
249,X15p.d_r.nc_b,54,0.111111111,0.317220634,0.043168261,0.086584566,-15,0,X15p.d_r.nc_b,Rep,45,0.155555556,0.3665289,0.054638902,0.110117472,-15,0,-0.044444444
251,X15p.u_05r.d_b,51,0.901960784,0.30032662,0.042054138,0.084468223,15,-5,X15p.u_05r.d_b,Rep,52,0.807692308,0.397958592,0.055186927,0.110792379,15,-5,0.094268477
253,X15p.u_05r.u_b,47,0.872340426,0.337318149,0.049202909,0.099040319,15,5,X15p.u_05r.u_b,Rep,46,0.891304348,0.314696388,0.046399451,0.093453291,15,5,-0.018963922
255,X15p.u_10r.d_b,45,0.977777778,0.149071198,0.022222222,0.044785946,15,-10,X15p.u_10r.d_b,Rep,52,0.75,0.437237316,0.060633906,0.121727646,15,-10,0.227777778
257,X15p.u_10r.u_b,40,0.85,0.361620285,0.057177187,0.115651778,15,10,X15p.u_10r.u_b,Rep,52,0.961538462,0.194183909,0.026928463,0.054061146,15,10,-0.111538462
259,X15p.u_15r.d_b,47,0.893617021,0.311660528,0.04546036,0.091506959,15,-15,X15p.u_15r.d_b,Rep,53,0.735849057,0.445099099,0.061139063,0.122684506,15,-15,0.157767965
261,X15p.u_15r.u_b,49,0.836734694,0.373437789,0.053348256,0.107263857,15,15,X15p.u_15r.u_b,Rep,52,0.923076923,0.269069118,0.037313173,0.074909321,15,15,-0.086342229
263,X15p.u_20r.d_b,50,0.86,0.350509833,0.049569576,0.099613792,15,-20,X15p.u_20r.d_b,Rep,48,0.625,0.489246055,0.070616585,0.142062246,15,-20,0.235
265,X15p.u_20r.u_b,48,0.708333333,0.459339643,0.066299967,0.133378329,15,20,X15p.u_20r.u_b,Rep,49,0.857142857,0.353553391,0.050507627,0.101552391,15,20,-0.148809524
267,X15p.u_25r.d_b,44,0.909090909,0.290803363,0.043840257,0.088412303,15,-25,X15p.u_25r.d_b,Rep,52,0.461538462,0.503382226,0.069806555,0.140142507,15,-25,0.447552448
269,X15p.u_25r.u_b,51,0.745098039,0.440142579,0.061632289,0.123792095,15,25,X15p.u_25r.u_b,Rep,50,0.74,0.443087498,0.062662035,0.125924074,15,25,0.005098039
271,X15p.u_30r.d_b,51,0.784313725,0.415390202,0.058166263,0.116830377,15,-30,X15p.u_30r.d_b,Rep,46,0.5,0.50552503,0.074535599,0.150122403,15,-30,0.284313725
273,X15p.u_30r.u_b,49,0.571428571,0.5,0.071428571,0.143616768,15,30,X15p.u_30r.u_b,Rep,51,0.764705882,0.428403328,0.059988465,0.120490378,15,30,-0.193277311
275,X15p.u_35r.d_b,47,0.787234043,0.413688089,0.06034261,0.121463373,15,-35,X15p.u_35r.d_b,Rep,53,0.547169811,0.502533494,0.069028284,0.138515386,15,-35,0.240064231
277,X15p.u_35r.u_b,50,0.7,0.46291005,0.065465367,0.131557581,15,35,X15p.u_35r.u_b,Rep,54,0.759259259,0.431547684,0.058726201,0.117789843,15,35,-0.059259259
279,X15p.u_40r.d_b,42,0.619047619,0.491507435,0.075841244,0.153164499,15,-40,X15p.u_40r.d_b,Rep,54,0.407407407,0.495965554,0.067492363,0.135372537,15,-40,0.211640212
281,X15p.u_40r.u_b,51,0.705882353,0.460178993,0.064437948,0.129427428,15,40,X15p.u_40r.u_b,Rep,46,0.673913043,0.473959578,0.069881527,0.140748621,15,40,0.031969309
283,X15p.u_45r.d_b,53,0.735849057,0.445099099,0.061139063,0.122684506,15,-45,X15p.u_45r.d_b,Rep,47,0.340425532,0.478975162,0.069865708,0.140632376,15,-45,0.395423525
285,X15p.u_45r.u_b,51,0.529411765,0.50410083,0.070588235,0.141780643,15,45,X15p.u_45r.u_b,Rep,48,0.604166667,0.494203995,0.071332202,0.143501881,15,45,-0.074754902
287,X15p.u_50r.d_b,55,0.763636364,0.428763786,0.057814497,0.115911088,15,-50,X15p.u_50r.d_b,Rep,47,0.340425532,0.478975162,0.069865708,0.140632376,15,-50,0.423210832
289,X15p.u_50r.u_b,50,0.52,0.50467205,0.071371406,0.14342621,15,50,X15p.u_50r.u_b,Rep,46,0.608695652,0.493435164,0.072753046,0.146532156,15,50,-0.088695652
291,X15p.u_r.nc_b,48,0.916666667,0.279310194,0.040314954,0.081103226,15,0,X15p.u_r.nc_b,Rep,50,0.82,0.388087934,0.054883922,0.110293371,15,0,0.096666667
293,X20p.d_05r.d_b,50,0.06,0.239897937,0.033926692,0.068178239,-20,-5,X20p.d_05r.d_b,Rep,51,0.058823529,0.23763541,0.033275613,0.066836036,-20,-5,0.001176471
295,X20p.d_05r.u_b,51,0.058823529,0.23763541,0.033275613,0.066836036,-20,5,X20p.d_05r.u_b,Rep,50,0.18,0.388087934,0.054883922,0.110293371,-20,5,-0.121176471
297,X20p.d_10r.d_b,51,0.078431373,0.271524382,0.038021018,0.076367463,-20,-10,X20p.d_10r.d_b,Rep,54,0.111111111,0.317220634,0.043168261,0.086584566,-20,-10,-0.032679739
299,X20p.d_10r.u_b,50,0.08,0.274047516,0.038756171,0.077883442,-20,10,X20p.d_10r.u_b,Rep,51,0.137254902,0.347540377,0.048665387,0.097747306,-20,10,-0.057254902
301,X20p.d_15r.d_b,48,0.0625,0.244623027,0.035308293,0.071031123,-20,-15,X20p.d_15r.d_b,Rep,51,0.156862745,0.367290023,0.05143089,0.103301984,-20,-15,-0.094362745
303,X20p.d_15r.u_b,53,0.113207547,0.319878424,0.043938681,0.088169413,-20,15,X20p.d_15r.u_b,Rep,45,0.177777778,0.386645767,0.057637748,0.116161248,-20,15,-0.064570231
305,X20p.d_20r.d_b,49,0.12244898,0.331200661,0.04731438,0.095131937,-20,-20,X20p.d_20r.d_b,Rep,51,0.117647059,0.325395687,0.04556451,0.091519012,-20,-20,0.004801921
307,X20p.d_20r.u_b,53,0.075471698,0.266678761,0.036631145,0.07350577,-20,20,X20p.d_20r.u_b,Rep,45,0.177777778,0.386645767,0.057637748,0.116161248,-20,20,-0.10230608
309,X20p.d_25r.d_b,40,0.05,0.220721428,0.034899122,0.070590137,-20,-25,X20p.d_25r.d_b,Rep,54,0.12962963,0.33904952,0.046138796,0.092542705,-20,-25,-0.07962963
311,X20p.d_25r.u_b,56,0.071428571,0.259870097,0.034726602,0.069593667,-20,25,X20p.d_25r.u_b,Rep,45,0.2,0.404519917,0.060302269,0.121531237,-20,25,-0.128571429
313,X20p.d_30r.d_b,49,0.06122449,0.242226071,0.034603724,0.069575451,-20,-30,X20p.d_30r.d_b,Rep,51,0.117647059,0.325395687,0.04556451,0.091519012,-20,-30,-0.056422569
315,X20p.d_30r.u_b,48,0.083333333,0.279310194,0.040314954,0.081103226,-20,30,X20p.d_30r.u_b,Rep,46,0.173913043,0.383223047,0.056503156,0.113803197,-20,30,-0.09057971
317,X20p.d_35r.d_b,51,0.098039216,0.30032662,0.042054138,0.084468223,-20,-35,X20p.d_35r.d_b,Rep,49,0.142857143,0.353553391,0.050507627,0.101552391,-20,-35,-0.044817927
319,X20p.d_35r.u_b,51,0.039215686,0.196039212,0.02745098,0.055136917,-20,35,X20p.d_35r.u_b,Rep,48,0.125,0.334218682,0.048240312,0.097046989,-20,35,-0.085784314
321,X20p.d_40r.d_b,44,0.022727273,0.150755672,0.022727273,0.045833914,-20,-40,X20p.d_40r.d_b,Rep,51,0.176470588,0.385013369,0.053912655,0.108286755,-20,-40,-0.153743316
323,X20p.d_40r.u_b,48,0.208333333,0.410414079,0.05923817,0.119171826,-20,40,X20p.d_40r.u_b,Rep,55,0.218181818,0.416818154,0.056203748,0.112681731,-20,40,-0.009848485
325,X20p.d_45r.d_b,42,0.047619048,0.215540269,0.033258586,0.067167076,-20,-45,X20p.d_45r.d_b,Rep,54,0.166666667,0.376177397,0.05119126,0.102676664,-20,-45,-0.119047619
327,X20p.d_45r.u_b,56,0.107142857,0.312093892,0.041705301,0.08357929,-20,45,X20p.d_45r.u_b,Rep,45,0.2,0.404519917,0.060302269,0.121531237,-20,45,-0.092857143
329,X20p.d_50r.d_b,49,0.163265306,0.373437789,0.053348256,0.107263857,-20,-50,X20p.d_50r.d_b,Rep,49,0.102040816,0.305838871,0.043691267,0.087847181,-20,-50,0.06122449
331,X20p.d_50r.u_b,52,0.153846154,0.364321307,0.050522275,0.1014277,-20,50,X20p.d_50r.u_b,Rep,50,0.16,0.37032804,0.052372294,0.105246064,-20,50,-0.006153846
333,X20p.d_r.nc_b,53,0.113207547,0.319878424,0.043938681,0.088169413,-20,0,X20p.d_r.nc_b,Rep,44,0.068181818,0.254971706,0.038438431,0.077518484,-20,0,0.045025729
335,X20p.u_05r.d_b,53,0.962264151,0.192380248,0.026425459,0.053026563,20,-5,X20p.u_05r.d_b,Rep,44,0.727272727,0.450510633,0.067917033,0.136967751,20,-5,0.234991424
337,X20p.u_05r.u_b,45,1,0,0,0,20,5,X20p.u_05r.u_b,Rep,54,0.925925926,0.264350529,0.03597355,0.072153805,20,5,0.074074074
339,X20p.u_10r.d_b,51,0.921568627,0.271524382,0.038021018,0.076367463,20,-10,X20p.u_10r.d_b,Rep,45,0.8,0.404519917,0.060302269,0.121531237,20,-10,0.121568627
341,X20p.u_10r.u_b,48,0.916666667,0.279310194,0.040314954,0.081103226,20,10,X20p.u_10r.u_b,Rep,51,0.882352941,0.325395687,0.04556451,0.091519012,20,10,0.034313725
343,X20p.u_15r.d_b,51,0.862745098,0.347540377,0.048665387,0.097747306,20,-15,X20p.u_15r.d_b,Rep,50,0.62,0.490314351,0.069340921,0.139345797,20,-15,0.242745098
345,X20p.u_15r.u_b,49,0.755102041,0.434483038,0.062069005,0.1247981,20,15,X20p.u_15r.u_b,Rep,53,0.886792453,0.319878424,0.043938681,0.088169413,20,15,-0.131690412
347,X20p.u_20r.d_b,45,0.933333333,0.25226249,0.037605072,0.075788042,20,-20,X20p.u_20r.d_b,Rep,55,0.836363636,0.373354978,0.050343175,0.100931989,20,-20,0.096969697
349,X20p.u_20r.u_b,48,0.791666667,0.410414079,0.05923817,0.119171826,20,20,X20p.u_20r.u_b,Rep,53,0.849056604,0.361419552,0.049644794,0.099619566,20,20,-0.057389937
351,X20p.u_25r.d_b,54,0.851851852,0.358582503,0.048796898,0.097874183,20,-25,X20p.u_25r.d_b,Rep,43,0.581395349,0.499168744,0.07612252,0.153621464,20,-25,0.270456503
353,X20p.u_25r.u_b,52,0.711538462,0.457466958,0.063439253,0.127359615,20,25,X20p.u_25r.u_b,Rep,50,0.8,0.404061018,0.057142857,0.114832871,20,25,-0.088461538
355,X20p.u_30r.d_b,55,0.854545455,0.355807991,0.04797714,0.096188374,20,-30,X20p.u_30r.d_b,Rep,49,0.612244898,0.492287455,0.070326779,0.141401467,20,-30,0.242300557
357,X20p.u_30r.u_b,49,0.673469388,0.473803541,0.06768622,0.136092267,20,30,X20p.u_30r.u_b,Rep,54,0.833333333,0.376177397,0.05119126,0.102676664,20,30,-0.159863946
359,X20p.u_35r.d_b,51,0.843137255,0.367290023,0.05143089,0.103301984,20,-35,X20p.u_35r.d_b,Rep,46,0.586956522,0.49782134,0.073399752,0.14783469,20,-35,0.256180733
361,X20p.u_35r.u_b,51,0.705882353,0.460178993,0.064437948,0.129427428,20,35,X20p.u_35r.u_b,Rep,44,0.659090909,0.479494977,0.072286588,0.145779797,20,35,0.046791444
363,X20p.u_40r.d_b,46,0.891304348,0.314696388,0.046399451,0.093453291,20,-40,X20p.u_40r.d_b,Rep,54,0.555555556,0.501569863,0.068255013,0.136902219,20,-40,0.335748792
365,X20p.u_40r.u_b,41,0.658536585,0.480091455,0.074977689,0.151535561,20,40,X20p.u_40r.u_b,Rep,56,0.785714286,0.414039336,0.055328334,0.110880458,20,40,-0.1271777
367,X20p.u_45r.d_b,50,0.76,0.431419111,0.061011876,0.122607955,20,-45,X20p.u_45r.d_b,Rep,54,0.444444444,0.501569863,0.068255013,0.136902219,20,-45,0.315555556
369,X20p.u_45r.u_b,41,0.682926829,0.471116991,0.073576113,0.148702871,20,45,X20p.u_45r.u_b,Rep,57,0.754385965,0.434276975,0.057521391,0.115229192,20,45,-0.071459136
371,X20p.u_50r.d_b,51,0.725490196,0.450707505,0.063111674,0.126763528,20,-50,X20p.u_50r.d_b,Rep,48,0.5,0.505291153,0.072932496,0.146721256,20,-50,0.225490196
373,X20p.u_50r.u_b,48,0.708333333,0.459339643,0.066299967,0.133378329,20,50,X20p.u_50r.u_b,Rep,55,0.690909091,0.466377977,0.062886394,0.126079628,20,50,0.017424242
375,X20p.u_r.nc_b,49,0.87755102,0.331200661,0.04731438,0.095131937,20,0,X20p.u_r.nc_b,Rep,53,0.886792453,0.319878424,0.043938681,0.088169413,20,0,-0.009241432
377,X25p.d_05r.d_b,50,0.08,0.274047516,0.038756171,0.077883442,-25,-5,X25p.d_05r.d_b,Rep,51,0.156862745,0.367290023,0.05143089,0.103301984,-25,-5,-0.076862745
379,X25p.d_05r.u_b,47,0.106382979,0.311660528,0.04546036,0.091506959,-25,5,X25p.d_05r.u_b,Rep,57,0.157894737,0.367883604,0.048727374,0.097612659,-25,5,-0.051511758
381,X25p.d_10r.d_b,45,0.111111111,0.317820863,0.047377937,0.095483958,-25,-10,X25p.d_10r.d_b,Rep,52,0.192307692,0.397958592,0.055186927,0.110792379,-25,-10,-0.081196581
383,X25p.d_10r.u_b,51,0.039215686,0.196039212,0.02745098,0.055136917,-25,10,X25p.d_10r.u_b,Rep,45,0.2,0.404519917,0.060302269,0.121531237,-25,10,-0.160784314
385,X25p.d_15r.d_b,51,0.117647059,0.325395687,0.04556451,0.091519012,-25,-15,X25p.d_15r.d_b,Rep,48,0.145833333,0.356673958,0.051481451,0.103567321,-25,-15,-0.028186275
387,X25p.d_15r.u_b,45,0.133333333,0.343775825,0.051247074,0.103281692,-25,15,X25p.d_15r.u_b,Rep,56,0.178571429,0.386459117,0.051642772,0.103494427,-25,15,-0.045238095
389,X25p.d_20r.d_b,51,0.117647059,0.325395687,0.04556451,0.091519012,-25,-20,X25p.d_20r.d_b,Rep,48,0.125,0.334218682,0.048240312,0.097046989,-25,-20,-0.007352941
391,X25p.d_20r.u_b,53,0.075471698,0.266678761,0.036631145,0.07350577,-25,20,X25p.d_20r.u_b,Rep,51,0.196078431,0.400979194,0.056148318,0.112777216,-25,20,-0.120606733
393,X25p.d_25r.d_b,56,0.053571429,0.227207783,0.030361917,0.060846642,-25,-25,X25p.d_25r.d_b,Rep,41,0.073170732,0.263651655,0.041175471,0.083218731,-25,-25,-0.019599303
395,X25p.d_25r.u_b,56,0.089285714,0.287736351,0.038450387,0.077056298,-25,25,X25p.d_25r.u_b,Rep,44,0.181818182,0.390153653,0.058817876,0.118617552,-25,25,-0.092532468
397,X25p.d_30r.d_b,47,0.042553191,0.204029709,0.029760792,0.059905367,-25,-30,X25p.d_30r.d_b,Rep,51,0.137254902,0.347540377,0.048665387,0.097747306,-25,-30,-0.09470171
399,X25p.d_30r.u_b,47,0.042553191,0.204029709,0.029760792,0.059905367,-25,30,X25p.d_30r.u_b,Rep,47,0.212765957,0.413688089,0.06034261,0.121463373,-25,30,-0.170212766
401,X25p.d_35r.d_b,50,0.04,0.197948664,0.027994168,0.056256388,-25,-35,X25p.d_35r.d_b,Rep,46,0.195652174,0.401085484,0.059136828,0.119107686,-25,-35,-0.155652174
403,X25p.d_35r.u_b,51,0.137254902,0.347540377,0.048665387,0.097747306,-25,35,X25p.d_35r.u_b,Rep,46,0.239130435,0.431265971,0.063586698,0.128070185,-25,35,-0.101875533
405,X25p.d_40r.d_b,44,0.068181818,0.254971706,0.038438431,0.077518484,-25,-40,X25p.d_40r.d_b,Rep,53,0.20754717,0.409431621,0.056239758,0.112853332,-25,-40,-0.139365352
407,X25p.d_40r.u_b,51,0.078431373,0.271524382,0.038021018,0.076367463,-25,40,X25p.d_40r.u_b,Rep,48,0.125,0.334218682,0.048240312,0.097046989,-25,40,-0.046568627
409,X25p.d_45r.d_b,47,0.063829787,0.247092248,0.036042109,0.072549002,-25,-45,X25p.d_45r.d_b,Rep,52,0.211538462,0.412383719,0.057187332,0.114808361,-25,-45,-0.147708674
411,X25p.d_45r.u_b,42,0.071428571,0.26066118,0.040220893,0.081227742,-25,45,X25p.d_45r.u_b,Rep,58,0.155172414,0.3652312,0.047957206,0.096032649,-25,45,-0.083743842
413,X25p.d_50r.d_b,60,0.133333333,0.342803332,0.04425572,0.088555491,-25,-50,X25p.d_50r.d_b,Rep,38,0.105263158,0.311011748,0.050452768,0.102227018,-25,-50,0.028070175
415,X25p.d_50r.u_b,55,0.054545455,0.229183884,0.030903149,0.061957083,-25,50,X25p.d_50r.u_b,Rep,42,0.095238095,0.297101757,0.045843796,0.092583425,-25,50,-0.040692641
417,X25p.d_r.nc_b,50,0.08,0.274047516,0.038756171,0.077883442,-25,0,X25p.d_r.nc_b,Rep,51,0.215686275,0.415390202,0.058166263,0.116830377,-25,0,-0.135686275
419,X25p.u_05r.d_b,60,0.95,0.219784178,0.028374015,0.056776274,25,-5,X25p.u_05r.d_b,Rep,37,0.864864865,0.346583497,0.056977976,0.115556691,25,-5,0.085135135
421,X25p.u_05r.u_b,53,0.924528302,0.266678761,0.036631145,0.07350577,25,5,X25p.u_05r.u_b,Rep,49,0.93877551,0.242226071,0.034603724,0.069575451,25,5,-0.014247208
423,X25p.u_10r.d_b,47,0.872340426,0.337318149,0.049202909,0.099040319,25,-10,X25p.u_10r.d_b,Rep,50,0.74,0.443087498,0.062662035,0.125924074,25,-10,0.132340426
425,X25p.u_10r.u_b,42,0.880952381,0.327770068,0.050576019,0.102140343,25,10,X25p.u_10r.u_b,Rep,58,0.948275862,0.223403796,0.029334355,0.058741034,25,10,-0.067323481
427,X25p.u_15r.d_b,50,0.84,0.37032804,0.052372294,0.105246064,25,-15,X25p.u_15r.d_b,Rep,45,0.666666667,0.476731295,0.071066905,0.143225937,25,-15,0.173333333
429,X25p.u_15r.u_b,41,0.804878049,0.401217659,0.062659671,0.126639919,25,15,X25p.u_15r.u_b,Rep,59,0.847457627,0.362632108,0.047210679,0.094502442,25,15,-0.042579578
431,X25p.u_20r.d_b,46,0.913043478,0.284884925,0.042003991,0.08460038,25,-20,X25p.u_20r.d_b,Rep,51,0.68627451,0.468623349,0.065620394,0.131802441,25,-20,0.226768968
433,X25p.u_20r.u_b,56,0.767857143,0.426020547,0.05692939,0.114089048,25,20,X25p.u_20r.u_b,Rep,46,0.934782609,0.249637418,0.036807029,0.074133162,25,20,-0.166925466
435,X25p.u_25r.d_b,52,0.807692308,0.397958592,0.055186927,0.110792379,25,-25,X25p.u_25r.d_b,Rep,48,0.645833333,0.483321105,0.069761393,0.14034182,25,-25,0.161858974
437,X25p.u_25r.u_b,49,0.816326531,0.391230398,0.055890057,0.112374491,25,25,X25p.u_25r.u_b,Rep,49,0.857142857,0.353553391,0.050507627,0.101552391,25,25,-0.040816327
439,X25p.u_30r.d_b,60,0.833333333,0.375823014,0.048518542,0.097085379,25,-30,X25p.u_30r.d_b,Rep,45,0.533333333,0.504524979,0.075210143,0.151576084,25,-30,0.3
441,X25p.u_30r.u_b,49,0.755102041,0.434483038,0.062069005,0.1247981,25,30,X25p.u_30r.u_b,Rep,46,0.760869565,0.431265971,0.063586698,0.128070185,25,30,-0.005767524
443,X25p.u_35r.d_b,52,0.807692308,0.397958592,0.055186927,0.110792379,25,-35,X25p.u_35r.d_b,Rep,41,0.536585366,0.504854483,0.078845024,0.159351737,25,-35,0.271106942
445,X25p.u_35r.u_b,51,0.784313725,0.415390202,0.058166263,0.116830377,25,35,X25p.u_35r.u_b,Rep,46,0.826086957,0.383223047,0.056503156,0.113803197,25,35,-0.041773231
447,X25p.u_40r.d_b,60,0.816666667,0.390204929,0.05037524,0.100800622,25,-40,X25p.u_40r.d_b,Rep,43,0.465116279,0.504684588,0.076963678,0.155318991,25,-40,0.351550388
449,X25p.u_40r.u_b,65,0.692307692,0.465130255,0.057692308,0.115253634,25,40,X25p.u_40r.u_b,Rep,34,0.735294118,0.447811076,0.076798966,0.156248671,25,40,-0.042986425
451,X25p.u_45r.d_b,47,0.723404255,0.452150786,0.065952971,0.132756444,25,-45,X25p.u_45r.d_b,Rep,53,0.377358491,0.489364387,0.067219368,0.13488553,25,-45,0.346045765
453,X25p.u_45r.u_b,47,0.680851064,0.471186429,0.068729605,0.138345518,25,45,X25p.u_45r.u_b,Rep,52,0.75,0.437237316,0.060633906,0.121727646,25,45,-0.069148936
455,X25p.u_50r.d_b,50,0.8,0.404061018,0.057142857,0.114832871,25,-50,X25p.u_50r.d_b,Rep,47,0.446808511,0.502537502,0.073302628,0.147550538,25,-50,0.353191489
457,X25p.u_50r.u_b,49,0.591836735,0.496586991,0.070940999,0.142636438,25,50,X25p.u_50r.u_b,Rep,57,0.719298246,0.453336282,0.060045857,0.120286307,25,50,-0.127461511
459,X25p.u_r.nc_b,46,0.891304348,0.314696388,0.046399451,0.093453291,25,0,X25p.u_r.nc_b,Rep,51,0.921568627,0.271524382,0.038021018,0.076367463,25,0,-0.03026428
461,X30p.d_05r.d_b,53,0.113207547,0.319878424,0.043938681,0.088169413,-30,-5,X30p.d_05r.d_b,Rep,46,0.173913043,0.383223047,0.056503156,0.113803197,-30,-5,-0.060705496
463,X30p.d_05r.u_b,52,0.057692308,0.235435478,0.032649026,0.065545656,-30,5,X30p.d_05r.u_b,Rep,51,0.137254902,0.347540377,0.048665387,0.097747306,-30,5,-0.079562594
465,X30p.d_10r.d_b,55,0.018181818,0.134839972,0.018181818,0.036452351,-30,-10,X30p.d_10r.d_b,Rep,43,0.162790698,0.373543684,0.056964878,0.114959777,-30,-10,-0.144608879
467,X30p.d_10r.u_b,50,0.1,0.303045763,0.042857143,0.086124653,-30,10,X30p.d_10r.u_b,Rep,47,0.127659574,0.337318149,0.049202909,0.099040319,-30,10,-0.027659574
469,X30p.d_15r.d_b,49,0.040816327,0.199914948,0.028559278,0.057422278,-30,-15,X30p.d_15r.d_b,Rep,51,0.274509804,0.450707505,0.063111674,0.126763528,-30,-15,-0.233693477
471,X30p.d_15r.u_b,58,0.120689655,0.328611444,0.043148796,0.086403975,-30,15,X30p.d_15r.u_b,Rep,41,0.170731707,0.380948751,0.0594942,0.120242263,-30,15,-0.050042052
473,X30p.d_20r.d_b,44,0.090909091,0.290803363,0.043840257,0.088412303,-30,-20,X30p.d_20r.d_b,Rep,53,0.150943396,0.361419552,0.049644794,0.099619566,-30,-20,-0.060034305
475,X30p.d_20r.u_b,48,0.125,0.334218682,0.048240312,0.097046989,-30,20,X30p.d_20r.u_b,Rep,49,0.306122449,0.465657315,0.066522474,0.133752397,-30,20,-0.181122449
477,X30p.d_25r.d_b,46,0.086956522,0.284884925,0.042003991,0.08460038,-30,-25,X30p.d_25r.d_b,Rep,50,0.08,0.274047516,0.038756171,0.077883442,-30,-25,0.006956522
479,X30p.d_25r.u_b,52,0.057692308,0.235435478,0.032649026,0.065545656,-30,25,X30p.d_25r.u_b,Rep,47,0.127659574,0.337318149,0.049202909,0.099040319,-30,25,-0.069967267
481,X30p.d_30r.d_b,45,0.088888889,0.287799032,0.042902547,0.086464401,-30,-30,X30p.d_30r.d_b,Rep,53,0.132075472,0.341812806,0.0469516,0.094215278,-30,-30,-0.043186583
483,X30p.d_30r.u_b,47,0.085106383,0.282056673,0.041142194,0.082814942,-30,30,X30p.d_30r.u_b,Rep,51,0.215686275,0.415390202,0.058166263,0.116830377,-30,30,-0.130579892
485,X30p.d_35r.d_b,51,0.156862745,0.367290023,0.05143089,0.103301984,-30,-35,X30p.d_35r.d_b,Rep,48,0.125,0.334218682,0.048240312,0.097046989,-30,-35,0.031862745
487,X30p.d_35r.u_b,51,0.117647059,0.325395687,0.04556451,0.091519012,-30,35,X30p.d_35r.u_b,Rep,51,0.176470588,0.385013369,0.053912655,0.108286755,-30,35,-0.058823529
489,X30p.d_40r.d_b,50,0.06,0.239897937,0.033926692,0.068178239,-30,-40,X30p.d_40r.d_b,Rep,50,0.24,0.431419111,0.061011876,0.122607955,-30,-40,-0.18
491,X30p.d_40r.u_b,57,0.052631579,0.225281778,0.029839301,0.059775302,-30,40,X30p.d_40r.u_b,Rep,44,0.181818182,0.390153653,0.058817876,0.118617552,-30,40,-0.129186603
493,X30p.d_45r.d_b,49,0.06122449,0.242226071,0.034603724,0.069575451,-30,-45,X30p.d_45r.d_b,Rep,47,0.085106383,0.282056673,0.041142194,0.082814942,-30,-45,-0.023881893
495,X30p.d_45r.u_b,52,0.057692308,0.235435478,0.032649026,0.065545656,-30,45,X30p.d_45r.u_b,Rep,45,0.133333333,0.343775825,0.051247074,0.103281692,-30,45,-0.075641026
497,X30p.d_50r.d_b,42,0.095238095,0.297101757,0.045843796,0.092583425,-30,-50,X30p.d_50r.d_b,Rep,61,0.147540984,0.357587545,0.045784394,0.091582423,-30,-50,-0.052302888
499,X30p.d_50r.u_b,44,0.090909091,0.290803363,0.043840257,0.088412303,-30,50,X30p.d_50r.u_b,Rep,57,0.192982456,0.398147339,0.052735903,0.105642709,-30,50,-0.102073365
501,X30p.d_r.nc_b,40,0.125,0.334932064,0.052957409,0.107116471,-30,0,X30p.d_r.nc_b,Rep,53,0.150943396,0.361419552,0.049644794,0.099619566,-30,0,-0.025943396
503,X30p.u_05r.d_b,47,0.936170213,0.247092248,0.036042109,0.072549002,30,-5,X30p.u_05r.d_b,Rep,53,0.754716981,0.434372243,0.059665616,0.119727818,30,-5,0.181453232
505,X30p.u_05r.u_b,52,0.884615385,0.322602539,0.044736923,0.08981312,30,5,X30p.u_05r.u_b,Rep,48,0.916666667,0.279310194,0.040314954,0.081103226,30,5,-0.032051282
507,X30p.u_10r.d_b,50,0.94,0.239897937,0.033926692,0.068178239,30,-10,X30p.u_10r.d_b,Rep,41,0.756097561,0.434769353,0.067899565,0.137230141,30,-10,0.183902439
509,X30p.u_10r.u_b,54,0.888888889,0.317220634,0.043168261,0.086584566,30,10,X30p.u_10r.u_b,Rep,44,0.863636364,0.347141757,0.052333589,0.105540741,30,10,0.025252525
511,X30p.u_15r.d_b,59,0.915254237,0.280893623,0.036569235,0.073201277,30,-15,X30p.u_15r.d_b,Rep,42,0.666666667,0.477118724,0.073621017,0.148680661,30,-15,0.248587571
513,X30p.u_15r.u_b,47,0.808510638,0.397727123,0.058014463,0.116777058,30,15,X30p.u_15r.u_b,Rep,49,0.87755102,0.331200661,0.04731438,0.095131937,30,15,-0.069040382
515,X30p.u_20r.d_b,56,0.892857143,0.312093892,0.041705301,0.08357929,30,-20,X30p.u_20r.d_b,Rep,40,0.625,0.490290338,0.077521709,0.156802457,30,-20,0.267857143
517,X30p.u_20r.u_b,57,0.912280702,0.285400831,0.037802263,0.075727033,30,20,X30p.u_20r.u_b,Rep,47,0.893617021,0.311660528,0.04546036,0.091506959,30,20,0.01866368
519,X30p.u_25r.d_b,50,0.9,0.303045763,0.042857143,0.086124653,30,-25,X30p.u_25r.d_b,Rep,50,0.5,0.505076272,0.071428571,0.143541088,30,-25,0.4
521,X30p.u_25r.u_b,54,0.87037037,0.33904952,0.046138796,0.092542705,30,25,X30p.u_25r.u_b,Rep,44,0.75,0.438018795,0.066033818,0.133169886,30,25,0.12037037
523,X30p.u_30r.d_b,48,0.791666667,0.410414079,0.05923817,0.119171826,30,-30,X30p.u_30r.d_b,Rep,50,0.54,0.503457434,0.071199633,0.14308102,30,-30,0.251666667
525,X30p.u_30r.u_b,47,0.808510638,0.397727123,0.058014463,0.116777058,30,30,X30p.u_30r.u_b,Rep,54,0.851851852,0.358582503,0.048796898,0.097874183,30,30,-0.043341214
527,X30p.u_35r.d_b,45,0.866666667,0.343775825,0.051247074,0.103281692,30,-35,X30p.u_35r.d_b,Rep,54,0.444444444,0.501569863,0.068255013,0.136902219,30,-35,0.422222222
529,X30p.u_35r.u_b,54,0.777777778,0.419643455,0.057106241,0.114540614,30,35,X30p.u_35r.u_b,Rep,49,0.775510204,0.421569791,0.060224256,0.121088982,30,35,0.002267574
531,X30p.u_40r.d_b,45,0.866666667,0.343775825,0.051247074,0.103281692,30,-40,X30p.u_40r.d_b,Rep,52,0.480769231,0.504504595,0.0699622,0.140454976,30,-40,0.385897436
533,X30p.u_40r.u_b,50,0.72,0.453557368,0.064142698,0.128899578,30,40,X30p.u_40r.u_b,Rep,50,0.8,0.404061018,0.057142857,0.114832871,30,40,-0.08
535,X30p.u_45r.d_b,53,0.735849057,0.445099099,0.061139063,0.122684506,30,-45,X30p.u_45r.d_b,Rep,43,0.441860465,0.502485517,0.076628323,0.154642216,30,-45,0.293988591
537,X30p.u_45r.u_b,53,0.660377358,0.478113127,0.065673889,0.131784299,30,45,X30p.u_45r.u_b,Rep,46,0.847826087,0.363158447,0.053544792,0.107844747,30,45,-0.187448728
539,X30p.u_50r.d_b,44,0.727272727,0.450510633,0.067917033,0.136967751,30,-50,X30p.u_50r.d_b,Rep,57,0.596491228,0.494962088,0.06555933,0.13133112,30,-50,0.130781499
541,X30p.u_50r.u_b,41,0.56097561,0.502433104,0.078466868,0.158587456,30,50,X30p.u_50r.u_b,Rep,55,0.763636364,0.428763786,0.057814497,0.115911088,30,50,-0.202660754
543,X30p.u_r.nc_b,44,0.977272727,0.150755672,0.022727273,0.045833914,30,0,X30p.u_r.nc_b,Rep,50,0.94,0.239897937,0.033926692,0.068178239,30,0,0.037272727
545,X35p.d_05r.d_b,54,0.055555556,0.231212282,0.031464006,0.063108805,-35,-5,X35p.d_05r.d_b,Rep,43,0.23255814,0.427462574,0.065187431,0.131553563,-35,-5,-0.177002584
547,X35p.d_05r.u_b,45,0.088888889,0.287799032,0.042902547,0.086464401,-35,5,X35p.d_05r.u_b,Rep,52,0.134615385,0.34464225,0.047793281,0.095949015,-35,5,-0.045726496
549,X35p.d_10r.d_b,55,0.036363636,0.188918595,0.025473778,0.05107185,-35,-10,X35p.d_10r.d_b,Rep,50,0.18,0.388087934,0.054883922,0.110293371,-35,-10,-0.143636364
551,X35p.d_10r.u_b,49,0.102040816,0.305838871,0.043691267,0.087847181,-35,10,X35p.d_10r.u_b,Rep,51,0.215686275,0.415390202,0.058166263,0.116830377,-35,10,-0.113645458
553,X35p.d_15r.d_b,49,0.142857143,0.353553391,0.050507627,0.101552391,-35,-15,X35p.d_15r.d_b,Rep,54,0.203703704,0.406532954,0.055322128,0.110962136,-35,-15,-0.060846561
555,X35p.d_15r.u_b,44,0.090909091,0.290803363,0.043840257,0.088412303,-35,15,X35p.d_15r.u_b,Rep,54,0.166666667,0.376177397,0.05119126,0.102676664,-35,15,-0.075757576
557,X35p.d_20r.d_b,58,0.103448276,0.307203297,0.040337769,0.080774989,-35,-20,X35p.d_20r.d_b,Rep,45,0.111111111,0.317820863,0.047377937,0.095483958,-35,-20,-0.007662835
559,X35p.d_20r.u_b,52,0.038461538,0.194183909,0.026928463,0.054061146,-35,20,X35p.d_20r.u_b,Rep,49,0.142857143,0.353553391,0.050507627,0.101552391,-35,20,-0.104395604
561,X35p.d_25r.d_b,48,0.083333333,0.279310194,0.040314954,0.081103226,-35,-25,X35p.d_25r.d_b,Rep,49,0.244897959,0.434483038,0.062069005,0.1247981,-35,-25,-0.161564626
563,X35p.d_25r.u_b,58,0.068965517,0.255608594,0.033563053,0.067208854,-35,25,X35p.d_25r.u_b,Rep,44,0.181818182,0.390153653,0.058817876,0.118617552,-35,25,-0.112852665
565,X35p.d_30r.d_b,51,0.058823529,0.23763541,0.033275613,0.066836036,-35,-30,X35p.d_30r.d_b,Rep,44,0.159090909,0.369989429,0.055778005,0.112487068,-35,-30,-0.10026738
567,X35p.d_30r.u_b,50,0.08,0.274047516,0.038756171,0.077883442,-35,30,X35p.d_30r.u_b,Rep,49,0.142857143,0.353553391,0.050507627,0.101552391,-35,30,-0.062857143
569,X35p.d_35r.d_b,51,0.098039216,0.30032662,0.042054138,0.084468223,-35,-35,X35p.d_35r.d_b,Rep,47,0.063829787,0.247092248,0.036042109,0.072549002,-35,-35,0.034209428
571,X35p.d_35r.u_b,51,0.058823529,0.23763541,0.033275613,0.066836036,-35,35,X35p.d_35r.u_b,Rep,41,0.292682927,0.460646417,0.071940884,0.14539795,-35,35,-0.233859397
573,X35p.d_40r.d_b,45,0.044444444,0.208409077,0.031067791,0.062613018,-35,-40,X35p.d_40r.d_b,Rep,51,0.058823529,0.23763541,0.033275613,0.066836036,-35,-40,-0.014379085
575,X35p.d_40r.u_b,52,0.134615385,0.34464225,0.047793281,0.095949015,-35,40,X35p.d_40r.u_b,Rep,50,0.2,0.404061018,0.057142857,0.114832871,-35,40,-0.065384615
577,X35p.d_45r.d_b,58,0.051724138,0.223403796,0.029334355,0.058741034,-35,-45,X35p.d_45r.d_b,Rep,39,0.128205128,0.338688428,0.054233553,0.109790088,-35,-45,-0.07648099
579,X35p.d_45r.u_b,48,0.104166667,0.308709278,0.044558346,0.08963983,-35,45,X35p.d_45r.u_b,Rep,52,0.25,0.437237316,0.060633906,0.121727646,-35,45,-0.145833333
581,X35p.d_50r.d_b,51,0.019607843,0.140028008,0.019607843,0.039383512,-35,-50,X35p.d_50r.d_b,Rep,45,0.111111111,0.317820863,0.047377937,0.095483958,-35,-50,-0.091503268
583,X35p.d_50r.u_b,54,0.037037037,0.190625877,0.025940896,0.052030849,-35,50,X35p.d_50r.u_b,Rep,46,0.195652174,0.401085484,0.059136828,0.119107686,-35,50,-0.158615137
585,X35p.d_r.nc_b,53,0.075471698,0.266678761,0.036631145,0.07350577,-35,0,X35p.d_r.nc_b,Rep,46,0.152173913,0.363158447,0.053544792,0.107844747,-35,0,-0.076702215
587,X35p.u_05r.d_b,50,0.94,0.239897937,0.033926692,0.068178239,35,-5,X35p.u_05r.d_b,Rep,54,0.759259259,0.431547684,0.058726201,0.117789843,35,-5,0.180740741
589,X35p.u_05r.u_b,55,0.909090909,0.290129427,0.039121044,0.078432971,35,5,X35p.u_05r.u_b,Rep,45,0.866666667,0.343775825,0.051247074,0.103281692,35,5,0.042424242
591,X35p.u_10r.d_b,49,0.979591837,0.142857143,0.020408163,0.041033362,35,-10,X35p.u_10r.d_b,Rep,49,0.836734694,0.373437789,0.053348256,0.107263857,35,-10,0.142857143
593,X35p.u_10r.u_b,49,0.918367347,0.276641668,0.039520238,0.079460765,35,10,X35p.u_10r.u_b,Rep,53,0.830188679,0.379060025,0.052067899,0.104481883,35,10,0.088178668
595,X35p.u_15r.d_b,47,0.936170213,0.247092248,0.036042109,0.072549002,35,-15,X35p.u_15r.d_b,Rep,55,0.690909091,0.466377977,0.062886394,0.126079628,35,-15,0.245261122
597,X35p.u_15r.u_b,49,0.857142857,0.353553391,0.050507627,0.101552391,35,15,X35p.u_15r.u_b,Rep,50,0.84,0.37032804,0.052372294,0.105246064,35,15,0.017142857
599,X35p.u_20r.d_b,53,0.905660377,0.295097829,0.040534804,0.081339035,35,-20,X35p.u_20r.d_b,Rep,45,0.6,0.495433694,0.073854895,0.14884476,35,-20,0.305660377
601,X35p.u_20r.u_b,50,0.84,0.37032804,0.052372294,0.105246064,35,20,X35p.u_20r.u_b,Rep,55,0.872727273,0.336349986,0.045353423,0.090928138,35,20,-0.032727273
603,X35p.u_25r.d_b,56,0.928571429,0.259870097,0.034726602,0.069593667,35,-25,X35p.u_25r.d_b,Rep,44,0.454545455,0.503686201,0.075933552,0.153134602,35,-25,0.474025974
605,X35p.u_25r.u_b,44,0.840909091,0.369989429,0.055778005,0.112487068,35,25,X35p.u_25r.u_b,Rep,58,0.862068966,0.347839238,0.04567353,0.091459665,35,25,-0.021159875
607,X35p.u_30r.d_b,61,0.836065574,0.373288444,0.047794688,0.09560361,35,-30,X35p.u_30r.d_b,Rep,42,0.642857143,0.484965605,0.074831817,0.151125921,35,-30,0.193208431
609,X35p.u_30r.u_b,48,0.6875,0.468417435,0.067610233,0.136014245,35,30,X35p.u_30r.u_b,Rep,52,0.903846154,0.297678296,0.041280552,0.082874167,35,30,-0.216346154
611,X35p.u_35r.d_b,56,0.678571429,0.471251443,0.062973623,0.12620196,35,-35,X35p.u_35r.d_b,Rep,44,0.5,0.505780539,0.076249285,0.153771339,35,-35,0.178571429
613,X35p.u_35r.u_b,53,0.886792453,0.319878424,0.043938681,0.088169413,35,35,X35p.u_35r.u_b,Rep,47,0.914893617,0.282056673,0.041142194,0.082814942,35,35,-0.028101164
615,X35p.u_40r.d_b,46,0.891304348,0.314696388,0.046399451,0.093453291,35,-40,X35p.u_40r.d_b,Rep,54,0.555555556,0.501569863,0.068255013,0.136902219,35,-40,0.335748792
617,X35p.u_40r.u_b,44,0.818181818,0.390153653,0.058817876,0.118617552,35,40,X35p.u_40r.u_b,Rep,55,0.818181818,0.389249472,0.052486388,0.105228872,35,40,0
619,X35p.u_45r.d_b,55,0.781818182,0.416818154,0.056203748,0.112681731,35,-45,X35p.u_45r.d_b,Rep,47,0.425531915,0.499768679,0.072898754,0.146737581,35,-45,0.356286267
621,X35p.u_45r.u_b,49,0.795918367,0.407205509,0.058172216,0.116963079,35,45,X35p.u_45r.u_b,Rep,50,0.74,0.443087498,0.062662035,0.125924074,35,45,0.055918367
623,X35p.u_50r.d_b,48,0.791666667,0.410414079,0.05923817,0.119171826,35,-50,X35p.u_50r.d_b,Rep,46,0.413043478,0.49782134,0.073399752,0.14783469,35,-50,0.378623188
625,X35p.u_50r.u_b,51,0.784313725,0.415390202,0.058166263,0.116830377,35,50,X35p.u_50r.u_b,Rep,47,0.829787234,0.379882644,0.055411579,0.111537723,35,50,-0.045473509
627,X35p.u_r.nc_b,42,0.857142857,0.354168802,0.054649433,0.110366768,35,0,X35p.u_r.nc_b,Rep,56,0.875,0.333711906,0.044594129,0.089368632,35,0,-0.017857143
629,X40p.d_05r.d_b,51,0.078431373,0.271524382,0.038021018,0.076367463,-40,-5,X40p.d_05r.d_b,Rep,46,0.195652174,0.401085484,0.059136828,0.119107686,-40,-5,-0.117220801
631,X40p.d_05r.u_b,53,0.075471698,0.266678761,0.036631145,0.07350577,-40,5,X40p.d_05r.u_b,Rep,48,0.166666667,0.376621789,0.054360673,0.109359568,-40,5,-0.091194969
633,X40p.d_10r.d_b,54,0.074074074,0.264350529,0.03597355,0.072153805,-40,-10,X40p.d_10r.d_b,Rep,48,0.125,0.334218682,0.048240312,0.097046989,-40,-10,-0.050925926
635,X40p.d_10r.u_b,51,0.098039216,0.30032662,0.042054138,0.084468223,-40,10,X40p.d_10r.u_b,Rep,44,0.045454545,0.210707055,0.031765284,0.0640608,-40,10,0.05258467
637,X40p.d_15r.d_b,51,0.078431373,0.271524382,0.038021018,0.076367463,-40,-15,X40p.d_15r.d_b,Rep,51,0.215686275,0.415390202,0.058166263,0.116830377,-40,-15,-0.137254902
639,X40p.d_15r.u_b,52,0.134615385,0.34464225,0.047793281,0.095949015,-40,15,X40p.d_15r.u_b,Rep,51,0.176470588,0.385013369,0.053912655,0.108286755,-40,15,-0.041855204
641,X40p.d_20r.d_b,52,0.134615385,0.34464225,0.047793281,0.095949015,-40,-20,X40p.d_20r.d_b,Rep,48,0.229166667,0.424744395,0.061306573,0.123332916,-40,-20,-0.094551282
643,X40p.d_20r.u_b,55,0.145454545,0.355807991,0.04797714,0.096188374,-40,20,X40p.d_20r.u_b,Rep,43,0.139534884,0.350604604,0.053466701,0.107900171,-40,20,0.005919662
645,X40p.d_25r.d_b,45,0.133333333,0.343775825,0.051247074,0.103281692,-40,-25,X40p.d_25r.d_b,Rep,57,0.157894737,0.367883604,0.048727374,0.097612659,-40,-25,-0.024561404
647,X40p.d_25r.u_b,51,0.078431373,0.271524382,0.038021018,0.076367463,-40,25,X40p.d_25r.u_b,Rep,50,0.24,0.431419111,0.061011876,0.122607955,-40,25,-0.161568627
649,X40p.d_30r.d_b,44,0.090909091,0.290803363,0.043840257,0.088412303,-40,-30,X40p.d_30r.d_b,Rep,54,0.12962963,0.33904952,0.046138796,0.092542705,-40,-30,-0.038720539
651,X40p.d_30r.u_b,49,0.06122449,0.242226071,0.034603724,0.069575451,-40,30,X40p.d_30r.u_b,Rep,51,0.235294118,0.428403328,0.059988465,0.120490378,-40,30,-0.174069628
653,X40p.d_35r.d_b,47,0.021276596,0.145864991,0.021276596,0.042827566,-40,-35,X40p.d_35r.d_b,Rep,54,0.240740741,0.431547684,0.058726201,0.117789843,-40,-35,-0.219464145
655,X40p.d_35r.u_b,50,0.1,0.303045763,0.042857143,0.086124653,-40,35,X40p.d_35r.u_b,Rep,48,0.166666667,0.376621789,0.054360673,0.109359568,-40,35,-0.066666667
657,X40p.d_40r.d_b,50,0.16,0.37032804,0.052372294,0.105246064,-40,-40,X40p.d_40r.d_b,Rep,47,0.106382979,0.311660528,0.04546036,0.091506959,-40,-40,0.053617021
659,X40p.d_40r.u_b,51,0.156862745,0.367290023,0.05143089,0.103301984,-40,40,X40p.d_40r.u_b,Rep,46,0.195652174,0.401085484,0.059136828,0.119107686,-40,40,-0.038789429
661,X40p.d_45r.d_b,52,0.076923077,0.269069118,0.037313173,0.074909321,-40,-45,X40p.d_45r.d_b,Rep,49,0.265306122,0.446071286,0.063724469,0.128126633,-40,-45,-0.188383046
663,X40p.d_45r.u_b,49,0.081632653,0.276641668,0.039520238,0.079460765,-40,45,X40p.d_45r.u_b,Rep,51,0.137254902,0.347540377,0.048665387,0.097747306,-40,45,-0.055622249
665,X40p.d_50r.d_b,51,0.078431373,0.271524382,0.038021018,0.076367463,-40,-50,X40p.d_50r.d_b,Rep,48,0.1875,0.39444278,0.056932911,0.114534244,-40,-50,-0.109068627
667,X40p.d_50r.u_b,55,0.145454545,0.355807991,0.04797714,0.096188374,-40,50,X40p.d_50r.u_b,Rep,44,0.181818182,0.390153653,0.058817876,0.118617552,-40,50,-0.036363636
669,X40p.d_r.nc_b,52,0.057692308,0.235435478,0.032649026,0.065545656,-40,0,X40p.d_r.nc_b,Rep,48,0.208333333,0.410414079,0.05923817,0.119171826,-40,0,-0.150641026
671,X40p.u_05r.d_b,48,0.979166667,0.144337567,0.020833333,0.041911261,40,-5,X40p.u_05r.d_b,Rep,52,0.692307692,0.466041382,0.064628312,0.129746749,40,-5,0.286858974
673,X40p.u_05r.u_b,56,0.928571429,0.259870097,0.034726602,0.069593667,40,5,X40p.u_05r.u_b,Rep,49,0.87755102,0.331200661,0.04731438,0.095131937,40,5,0.051020408
675,X40p.u_10r.d_b,51,0.980392157,0.140028008,0.019607843,0.039383512,40,-10,X40p.u_10r.d_b,Rep,48,0.666666667,0.476393067,0.068761416,0.138330127,40,-10,0.31372549
677,X40p.u_10r.u_b,47,0.936170213,0.247092248,0.036042109,0.072549002,40,10,X40p.u_10r.u_b,Rep,52,0.884615385,0.322602539,0.044736923,0.08981312,40,10,0.051554828
679,X40p.u_15r.d_b,54,0.907407407,0.29258242,0.039815424,0.079859628,40,-15,X40p.u_15r.d_b,Rep,48,0.666666667,0.476393067,0.068761416,0.138330127,40,-15,0.240740741
681,X40p.u_15r.u_b,54,0.925925926,0.264350529,0.03597355,0.072153805,40,15,X40p.u_15r.u_b,Rep,46,0.891304348,0.314696388,0.046399451,0.093453291,40,15,0.034621578
683,X40p.u_20r.d_b,45,0.866666667,0.343775825,0.051247074,0.103281692,40,-20,X40p.u_20r.d_b,Rep,54,0.574074074,0.499125721,0.067922407,0.136235097,40,-20,0.292592593
685,X40p.u_20r.u_b,46,0.891304348,0.314696388,0.046399451,0.093453291,40,20,X40p.u_20r.u_b,Rep,58,0.879310345,0.328611444,0.043148796,0.086403975,40,20,0.011994003
687,X40p.u_25r.d_b,54,0.888888889,0.317220634,0.043168261,0.086584566,40,-25,X40p.u_25r.d_b,Rep,51,0.529411765,0.50410083,0.070588235,0.141780643,40,-25,0.359477124
689,X40p.u_25r.u_b,53,0.867924528,0.341812806,0.0469516,0.094215278,40,25,X40p.u_25r.u_b,Rep,47,0.85106383,0.35987458,0.052493103,0.105663135,40,25,0.016860699
691,X40p.u_30r.d_b,50,0.86,0.350509833,0.049569576,0.099613792,40,-30,X40p.u_30r.d_b,Rep,44,0.613636364,0.492544843,0.074253929,0.149747319,40,-30,0.246363636
693,X40p.u_30r.u_b,61,0.803278689,0.400818834,0.051319593,0.10265447,40,30,X40p.u_30r.u_b,Rep,41,0.926829268,0.263651655,0.041175471,0.083218731,40,30,-0.12355058
695,X40p.u_35r.d_b,50,0.9,0.303045763,0.042857143,0.086124653,40,-35,X40p.u_35r.d_b,Rep,52,0.576923077,0.498867496,0.069180474,0.138885598,40,-35,0.323076923
697,X40p.u_35r.u_b,43,0.837209302,0.373543684,0.056964878,0.114959777,40,35,X40p.u_35r.u_b,Rep,52,0.826923077,0.382004714,0.052974523,0.106350792,40,35,0.010286225
699,X40p.u_40r.d_b,52,0.75,0.437237316,0.060633906,0.121727646,40,-40,X40p.u_40r.d_b,Rep,49,0.530612245,0.504233776,0.072033397,0.144832851,40,-40,0.219387755
701,X40p.u_40r.u_b,52,0.730769231,0.447887618,0.062110837,0.124692709,40,40,X40p.u_40r.u_b,Rep,48,0.854166667,0.356673958,0.051481451,0.103567321,40,40,-0.123397436
703,X40p.u_45r.d_b,53,0.830188679,0.379060025,0.052067899,0.104481883,40,-45,X40p.u_45r.d_b,Rep,46,0.47826087,0.505046992,0.074465116,0.149980443,40,-45,0.35192781
705,X40p.u_45r.u_b,47,0.70212766,0.462267268,0.067428611,0.135726754,40,45,X40p.u_45r.u_b,Rep,53,0.830188679,0.379060025,0.052067899,0.104481883,40,45,-0.12806102
707,X40p.u_50r.d_b,59,0.728813559,0.448388243,0.058375177,0.116850613,40,-50,X40p.u_50r.d_b,Rep,41,0.341463415,0.480091455,0.074977689,0.151535561,40,-50,0.387350145
709,X40p.u_50r.u_b,51,0.725490196,0.450707505,0.063111674,0.126763528,40,50,X40p.u_50r.u_b,Rep,45,0.844444444,0.3665289,0.054638902,0.110117472,40,50,-0.118954248
711,X40p.u_r.nc_b,46,0.913043478,0.284884925,0.042003991,0.08460038,40,0,X40p.u_r.nc_b,Rep,52,0.846153846,0.364321307,0.050522275,0.1014277,40,0,0.066889632
713,X45p.d_05r.d_b,42,0.142857143,0.354168802,0.054649433,0.110366768,-45,-5,X45p.d_05r.d_b,Rep,58,0.155172414,0.3652312,0.047957206,0.096032649,-45,-5,-0.012315271
715,X45p.d_05r.u_b,47,0.14893617,0.35987458,0.052493103,0.105663135,-45,5,X45p.d_05r.u_b,Rep,49,0.12244898,0.331200661,0.04731438,0.095131937,-45,5,0.026487191
717,X45p.d_10r.d_b,43,0.069767442,0.257769631,0.0393095,0.079329783,-45,-10,X45p.d_10r.d_b,Rep,54,0.203703704,0.406532954,0.055322128,0.110962136,-45,-10,-0.133936262
719,X45p.d_10r.u_b,53,0.150943396,0.361419552,0.049644794,0.099619566,-45,10,X45p.d_10r.u_b,Rep,46,0.130434783,0.340502612,0.050204371,0.101116794,-45,10,0.020508614
721,X45p.d_15r.d_b,52,0.096153846,0.297678296,0.041280552,0.082874167,-45,-15,X45p.d_15r.d_b,Rep,47,0.127659574,0.337318149,0.049202909,0.099040319,-45,-15,-0.031505728
723,X45p.d_15r.u_b,53,0.132075472,0.341812806,0.0469516,0.094215278,-45,15,X45p.d_15r.u_b,Rep,48,0.104166667,0.308709278,0.044558346,0.08963983,-45,15,0.027908805
725,X45p.d_20r.d_b,45,0.088888889,0.287799032,0.042902547,0.086464401,-45,-20,X45p.d_20r.d_b,Rep,47,0.170212766,0.379882644,0.055411579,0.111537723,-45,-20,-0.081323877
727,X45p.d_20r.u_b,51,0.117647059,0.325395687,0.04556451,0.091519012,-45,20,X45p.d_20r.u_b,Rep,42,0.238095238,0.431080537,0.066517171,0.134334152,-45,20,-0.120448179
729,X45p.d_25r.d_b,40,0.075,0.266746783,0.04217637,0.08530976,-45,-25,X45p.d_25r.d_b,Rep,54,0.259259259,0.44234304,0.060195263,0.120736408,-45,-25,-0.184259259
731,X45p.d_25r.u_b,51,0.019607843,0.140028008,0.019607843,0.039383512,-45,25,X45p.d_25r.u_b,Rep,49,0.12244898,0.331200661,0.04731438,0.095131937,-45,25,-0.102841136
733,X45p.d_30r.d_b,61,0.06557377,0.249589827,0.031956703,0.063922923,-45,-30,X45p.d_30r.d_b,Rep,42,0.119047619,0.327770068,0.050576019,0.102140343,-45,-30,-0.053473849
735,X45p.d_30r.u_b,49,0.06122449,0.242226071,0.034603724,0.069575451,-45,30,X45p.d_30r.u_b,Rep,49,0.244897959,0.434483038,0.062069005,0.1247981,-45,30,-0.183673469
737,X45p.d_35r.d_b,49,0.142857143,0.353553391,0.050507627,0.101552391,-45,-35,X45p.d_35r.d_b,Rep,54,0.166666667,0.376177397,0.05119126,0.102676664,-45,-35,-0.023809524
739,X45p.d_35r.u_b,54,0.055555556,0.231212282,0.031464006,0.063108805,-45,35,X45p.d_35r.u_b,Rep,44,0.136363636,0.347141757,0.052333589,0.105540741,-45,35,-0.080808081
741,X45p.d_40r.d_b,49,0.081632653,0.276641668,0.039520238,0.079460765,-45,-40,X45p.d_40r.d_b,Rep,47,0.106382979,0.311660528,0.04546036,0.091506959,-45,-40,-0.024750326
743,X45p.d_40r.u_b,51,0.098039216,0.30032662,0.042054138,0.084468223,-45,40,X45p.d_40r.u_b,Rep,46,0.152173913,0.363158447,0.053544792,0.107844747,-45,40,-0.054134697
745,X45p.d_45r.d_b,50,0.1,0.303045763,0.042857143,0.086124653,-45,-45,X45p.d_45r.d_b,Rep,49,0.142857143,0.353553391,0.050507627,0.101552391,-45,-45,-0.042857143
747,X45p.d_45r.u_b,58,0.051724138,0.223403796,0.029334355,0.058741034,-45,45,X45p.d_45r.u_b,Rep,47,0.234042553,0.427976328,0.062426763,0.125658557,-45,45,-0.182318415
749,X45p.d_50r.d_b,45,0.111111111,0.317820863,0.047377937,0.095483958,-45,-50,X45p.d_50r.d_b,Rep,55,0.090909091,0.290129427,0.039121044,0.078432971,-45,-50,0.02020202
751,X45p.d_50r.u_b,49,0.102040816,0.305838871,0.043691267,0.087847181,-45,50,X45p.d_50r.u_b,Rep,49,0.102040816,0.305838871,0.043691267,0.087847181,-45,50,0
753,X45p.d_r.nc_b,60,0.1,0.30253169,0.039056673,0.078152223,-45,0,X45p.d_r.nc_b,Rep,40,0.15,0.361620285,0.057177187,0.115651778,-45,0,-0.05
755,X45p.u_05r.d_b,57,0.929824561,0.257713096,0.034134934,0.068380489,45,-5,X45p.u_05r.d_b,Rep,45,0.8,0.404519917,0.060302269,0.121531237,45,-5,0.129824561
757,X45p.u_05r.u_b,49,0.959183673,0.199914948,0.028559278,0.057422278,45,5,X45p.u_05r.u_b,Rep,47,0.893617021,0.311660528,0.04546036,0.091506959,45,5,0.065566652
759,X45p.u_10r.d_b,44,0.886363636,0.321038221,0.048398333,0.09760454,45,-10,X45p.u_10r.d_b,Rep,55,0.745454545,0.439620283,0.059278387,0.11884601,45,-10,0.140909091
761,X45p.u_10r.u_b,53,0.962264151,0.192380248,0.026425459,0.053026563,45,10,X45p.u_10r.u_b,Rep,51,0.921568627,0.271524382,0.038021018,0.076367463,45,10,0.040695523
763,X45p.u_15r.d_b,46,0.847826087,0.363158447,0.053544792,0.107844747,45,-15,X45p.u_15r.d_b,Rep,49,0.714285714,0.456435465,0.065205066,0.131103573,45,-15,0.133540373
765,X45p.u_15r.u_b,45,0.822222222,0.386645767,0.057637748,0.116161248,45,15,X45p.u_15r.u_b,Rep,49,0.857142857,0.353553391,0.050507627,0.101552391,45,15,-0.034920635
767,X45p.u_20r.d_b,47,0.978723404,0.145864991,0.021276596,0.042827566,45,-20,X45p.u_20r.d_b,Rep,51,0.62745098,0.48829435,0.068374885,0.137334999,45,-20,0.351272424
769,X45p.u_20r.u_b,52,0.923076923,0.269069118,0.037313173,0.074909321,45,20,X45p.u_20r.u_b,Rep,46,0.891304348,0.314696388,0.046399451,0.093453291,45,20,0.031772575
771,X45p.u_25r.d_b,42,0.904761905,0.297101757,0.045843796,0.092583425,45,-25,X45p.u_25r.d_b,Rep,55,0.709090909,0.458367767,0.061806297,0.123914165,45,-25,0.195670996
773,X45p.u_25r.u_b,51,0.882352941,0.325395687,0.04556451,0.091519012,45,25,X45p.u_25r.u_b,Rep,48,0.770833333,0.424744395,0.061306573,0.123332916,45,25,0.111519608
775,X45p.u_30r.d_b,53,0.773584906,0.422515791,0.058037007,0.116459775,45,-30,X45p.u_30r.d_b,Rep,49,0.489795918,0.505076272,0.072153753,0.145074844,45,-30,0.283788987
777,X45p.u_30r.u_b,48,0.854166667,0.356673958,0.051481451,0.103567321,45,30,X45p.u_30r.u_b,Rep,49,0.816326531,0.391230398,0.055890057,0.112374491,45,30,0.037840136
779,X45p.u_35r.d_b,49,0.775510204,0.421569791,0.060224256,0.121088982,45,-35,X45p.u_35r.d_b,Rep,48,0.479166667,0.504852341,0.072869159,0.146593839,45,-35,0.296343537
781,X45p.u_35r.u_b,42,0.857142857,0.354168802,0.054649433,0.110366768,45,35,X45p.u_35r.u_b,Rep,59,0.898305085,0.304841126,0.039686934,0.07944203,45,35,-0.041162228
783,X45p.u_40r.d_b,52,0.75,0.437237316,0.060633906,0.121727646,45,-40,X45p.u_40r.d_b,Rep,45,0.644444444,0.484090316,0.072163924,0.145436832,45,-40,0.105555556
785,X45p.u_40r.u_b,42,0.80952381,0.397436618,0.061325802,0.123849969,45,40,X45p.u_40r.u_b,Rep,54,0.851851852,0.358582503,0.048796898,0.097874183,45,40,-0.042328042
787,X45p.u_45r.d_b,51,0.882352941,0.325395687,0.04556451,0.091519012,45,-45,X45p.u_45r.d_b,Rep,48,0.479166667,0.504852341,0.072869159,0.146593839,45,-45,0.403186275
789,X45p.u_45r.u_b,52,0.653846154,0.480384461,0.066617339,0.133739888,45,45,X45p.u_45r.u_b,Rep,48,0.854166667,0.356673958,0.051481451,0.103567321,45,45,-0.200320513
791,X45p.u_50r.d_b,58,0.689655172,0.466675309,0.06127747,0.122706017,45,-50,X45p.u_50r.d_b,Rep,43,0.511627907,0.505780539,0.077130809,0.155656275,45,-50,0.178027265
793,X45p.u_50r.u_b,47,0.70212766,0.462267268,0.067428611,0.135726754,45,50,X45p.u_50r.u_b,Rep,55,0.727272727,0.449466575,0.060606061,0.121507836,45,50,-0.025145068
795,X45p.u_r.nc_b,50,0.86,0.350509833,0.049569576,0.099613792,45,0,X45p.u_r.nc_b,Rep,50,0.86,0.350509833,0.049569576,0.099613792,45,0,0
797,X50p.d_05r.d_b,48,0.083333333,0.279310194,0.040314954,0.081103226,-50,-5,X50p.d_05r.d_b,Rep,56,0.196428571,0.400891863,0.053571429,0.107359542,-50,-5,-0.113095238
799,X50p.d_05r.u_b,58,0.103448276,0.307203297,0.040337769,0.080774989,-50,5,X50p.d_05r.u_b,Rep,44,0.204545455,0.408032457,0.061513207,0.124053206,-50,5,-0.101097179
801,X50p.d_10r.d_b,47,0.106382979,0.311660528,0.04546036,0.091506959,-50,-10,X50p.d_10r.d_b,Rep,50,0.12,0.328260723,0.046423077,0.093290665,-50,-10,-0.013617021
803,X50p.d_10r.u_b,49,0.081632653,0.276641668,0.039520238,0.079460765,-50,10,X50p.d_10r.u_b,Rep,47,0.191489362,0.397727123,0.058014463,0.116777058,-50,10,-0.109856709
805,X50p.d_15r.d_b,48,0.125,0.334218682,0.048240312,0.097046989,-50,-15,X50p.d_15r.d_b,Rep,53,0.188679245,0.394997749,0.054257114,0.108874864,-50,-15,-0.063679245
807,X50p.d_15r.u_b,46,0.086956522,0.284884925,0.042003991,0.08460038,-50,15,X50p.d_15r.u_b,Rep,52,0.153846154,0.364321307,0.050522275,0.1014277,-50,15,-0.066889632
809,X50p.d_20r.d_b,49,0.040816327,0.199914948,0.028559278,0.057422278,-50,-20,X50p.d_20r.d_b,Rep,50,0.18,0.388087934,0.054883922,0.110293371,-50,-20,-0.139183673
811,X50p.d_20r.u_b,40,0.025,0.158113883,0.025,0.050567273,-50,20,X50p.d_20r.u_b,Rep,54,0.296296296,0.460910896,0.062722028,0.125804457,-50,20,-0.271296296
813,X50p.d_25r.d_b,44,0.045454545,0.210707055,0.031765284,0.0640608,-50,-25,X50p.d_25r.d_b,Rep,56,0.125,0.333711906,0.044594129,0.089368632,-50,-25,-0.079545455
815,X50p.d_25r.u_b,49,0.06122449,0.242226071,0.034603724,0.069575451,-50,25,X50p.d_25r.u_b,Rep,43,0.279069767,0.453850269,0.069211517,0.139674496,-50,25,-0.217845278
817,X50p.d_30r.d_b,51,0.039215686,0.196039212,0.02745098,0.055136917,-50,-30,X50p.d_30r.d_b,Rep,48,0.145833333,0.356673958,0.051481451,0.103567321,-50,-30,-0.106617647
819,X50p.d_30r.u_b,45,0.133333333,0.343775825,0.051247074,0.103281692,-50,30,X50p.d_30r.u_b,Rep,49,0.244897959,0.434483038,0.062069005,0.1247981,-50,30,-0.111564626
821,X50p.d_35r.d_b,48,0.125,0.334218682,0.048240312,0.097046989,-50,-35,X50p.d_35r.d_b,Rep,51,0.117647059,0.325395687,0.04556451,0.091519012,-50,-35,0.007352941
823,X50p.d_35r.u_b,48,0.0625,0.244623027,0.035308293,0.071031123,-50,35,X50p.d_35r.u_b,Rep,54,0.222222222,0.419643455,0.057106241,0.114540614,-50,35,-0.159722222
825,X50p.d_40r.d_b,52,0.038461538,0.194183909,0.026928463,0.054061146,-50,-40,X50p.d_40r.d_b,Rep,42,0.142857143,0.354168802,0.054649433,0.110366768,-50,-40,-0.104395604
827,X50p.d_40r.u_b,52,0.096153846,0.297678296,0.041280552,0.082874167,-50,40,X50p.d_40r.u_b,Rep,42,0.166666667,0.37719547,0.058202525,0.117542383,-50,40,-0.070512821
829,X50p.d_45r.d_b,54,0.166666667,0.376177397,0.05119126,0.102676664,-50,-45,X50p.d_45r.d_b,Rep,47,0.085106383,0.282056673,0.041142194,0.082814942,-50,-45,0.081560284
831,X50p.d_45r.u_b,45,0.088888889,0.287799032,0.042902547,0.086464401,-50,45,X50p.d_45r.u_b,Rep,53,0.094339623,0.295097829,0.040534804,0.081339035,-50,45,-0.005450734
833,X50p.d_50r.d_b,41,0.12195122,0.331294578,0.051739521,0.104569472,-50,-50,X50p.d_50r.d_b,Rep,58,0.206896552,0.408618584,0.053654249,0.10744078,-50,-50,-0.084945332
835,X50p.d_50r.u_b,55,0.127272727,0.336349986,0.045353423,0.090928138,-50,50,X50p.d_50r.u_b,Rep,48,0.145833333,0.356673958,0.051481451,0.103567321,-50,50,-0.018560606
837,X50p.d_r.nc_b,50,0.06,0.239897937,0.033926692,0.068178239,-50,0,X50p.d_r.nc_b,Rep,47,0.14893617,0.35987458,0.052493103,0.105663135,-50,0,-0.08893617
839,X50p.u_05r.d_b,51,0.901960784,0.30032662,0.042054138,0.084468223,50,-5,X50p.u_05r.d_b,Rep,52,0.826923077,0.382004714,0.052974523,0.106350792,50,-5,0.075037707
841,X50p.u_05r.u_b,53,0.943396226,0.233295318,0.032045576,0.064304154,50,5,X50p.u_05r.u_b,Rep,46,0.826086957,0.383223047,0.056503156,0.113803197,50,5,0.11730927
843,X50p.u_10r.d_b,48,0.958333333,0.201940937,0.029147664,0.058637536,50,-10,X50p.u_10r.d_b,Rep,51,0.843137255,0.367290023,0.05143089,0.103301984,50,-10,0.115196078
845,X50p.u_10r.u_b,48,0.9375,0.244623027,0.035308293,0.071031123,50,10,X50p.u_10r.u_b,Rep,51,0.862745098,0.347540377,0.048665387,0.097747306,50,10,0.074754902
847,X50p.u_15r.d_b,51,0.843137255,0.367290023,0.05143089,0.103301984,50,-15,X50p.u_15r.d_b,Rep,51,0.68627451,0.468623349,0.065620394,0.131802441,50,-15,0.156862745
849,X50p.u_15r.u_b,52,0.923076923,0.269069118,0.037313173,0.074909321,50,15,X50p.u_15r.u_b,Rep,51,0.823529412,0.385013369,0.053912655,0.108286755,50,15,0.099547511
851,X50p.u_20r.d_b,44,0.954545455,0.210707055,0.031765284,0.0640608,50,-20,X50p.u_20r.d_b,Rep,48,0.645833333,0.483321105,0.069761393,0.14034182,50,-20,0.308712121
853,X50p.u_20r.u_b,45,0.866666667,0.343775825,0.051247074,0.103281692,50,20,X50p.u_20r.u_b,Rep,51,0.941176471,0.23763541,0.033275613,0.066836036,50,20,-0.074509804
855,X50p.u_25r.d_b,43,0.837209302,0.373543684,0.056964878,0.114959777,50,-25,X50p.u_25r.d_b,Rep,54,0.481481481,0.504348664,0.06863316,0.137660686,50,-25,0.355727821
857,X50p.u_25r.u_b,55,0.909090909,0.290129427,0.039121044,0.078432971,50,25,X50p.u_25r.u_b,Rep,43,0.88372093,0.324353006,0.04946337,0.099821121,50,25,0.025369979
859,X50p.u_30r.d_b,56,0.910714286,0.287736351,0.038450387,0.077056298,50,-30,X50p.u_30r.d_b,Rep,41,0.56097561,0.502433104,0.078466868,0.158587456,50,-30,0.349738676
861,X50p.u_30r.u_b,45,0.844444444,0.3665289,0.054638902,0.110117472,50,30,X50p.u_30r.u_b,Rep,60,0.85,0.360084736,0.046486739,0.093019751,50,30,-0.005555556
863,X50p.u_35r.d_b,53,0.79245283,0.409431621,0.056239758,0.112853332,50,-35,X50p.u_35r.d_b,Rep,49,0.510204082,0.505076272,0.072153753,0.145074844,50,-35,0.282248749
865,X50p.u_35r.u_b,52,0.903846154,0.297678296,0.041280552,0.082874167,50,35,X50p.u_35r.u_b,Rep,47,0.872340426,0.337318149,0.049202909,0.099040319,50,35,0.031505728
867,X50p.u_40r.d_b,46,0.804347826,0.401085484,0.059136828,0.119107686,50,-40,X50p.u_40r.d_b,Rep,54,0.5,0.504694939,0.068680282,0.137755201,50,-40,0.304347826
869,X50p.u_40r.u_b,47,0.872340426,0.337318149,0.049202909,0.099040319,50,40,X50p.u_40r.u_b,Rep,53,0.905660377,0.295097829,0.040534804,0.081339035,50,40,-0.033319952
871,X50p.u_45r.d_b,63,0.825396825,0.38267659,0.048212719,0.096375851,50,-45,X50p.u_45r.d_b,Rep,39,0.461538462,0.505035374,0.080870382,0.163713529,50,-45,0.363858364
873,X50p.u_45r.u_b,51,0.862745098,0.347540377,0.048665387,0.097747306,50,45,X50p.u_45r.u_b,Rep,49,0.836734694,0.373437789,0.053348256,0.107263857,50,45,0.026010404
875,X50p.u_50r.d_b,54,0.722222222,0.452108964,0.061524237,0.123401993,50,-50,X50p.u_50r.d_b,Rep,45,0.355555556,0.484090316,0.072163924,0.145436832,50,-50,0.366666667
877,X50p.u_50r.u_b,46,0.717391304,0.455243206,0.067121949,0.135190545,50,50,X50p.u_50r.u_b,Rep,54,0.814814815,0.392095198,0.053357398,0.107021388,50,50,-0.09742351
879,X50p.u_r.nc_b,49,0.93877551,0.242226071,0.034603724,0.069575451,50,0,X50p.u_r.nc_b,Rep,51,0.862745098,0.347540377,0.048665387,0.097747306,50,0,0.076030412